day,CLF17,CLG17,CLH17,CLJ17,CLK17,CLM17,CLN17,CLQ17,CLU17,CLZ17,CSZ16,CSF17,CSG17,CSH17,CSJ17,CSK17,CSM17,CSN17,CSQ17,CSU17,CSV17,CSX17,CSZ17,WBSF17,WBSG17,WBSH17,WBSJ17,WBSK17,WBSM17,WBSN17,WBSQ17,WBSU17,WBSZ17,WSPZ16,WSPF17,WSPG17,WSPH17,WSPJ17,WSPK17,WSPM17,0
264,41.85,69,43.82,39.09,50.2,46.75,48.37,49.28,49.31,53.43,58.47,45.49,39.95,47.24,50.09,52.02,45,41.13,48.66,44.8,48.43,47.82,45.48,49.8,41.08,49.15,40.3,45.61,48.46,45.31,49.75,47.3,49.28,47.27,50.653,44.248,45.7515,45.843,44.5425,48.112,0
263,39.94,66.88,56.04,38.5,50.96,48,46.6,46.96,48.32,52.44,59.32,43.25,40.78,47.3,49.65,51.22,45.82,41.24,48.76,44.93,48.63,46.99,45.44,49.44,40.51,50.66,40.25,45.64,48.56,45.19,49.06,47.52,49.38,47.44,48.2813,43.088,45.9765,45.06,44.85,49.092,0
262,41.08,67.38,57.2,37.88,50.99,49.19,46.46,46.79,47.49,52.43,59.91,42.54,41.1,46.71,49.49,49.53,45.81,41.19,48.8,44.8,48.67,46.85,44.94,49.32,40.76,47.29,40.34,45.34,48.87,45.12,48.64,47.7,49.3,47.71,50.2682,42.668,45.8865,44.8605,44.886,49.748,0
261,39.97,66.81,57.38,36.26,51.28,49.38,45.47,43.67,50.23,52.19,59.94,42.98,41.26,47.29,48.54,49.85,46.66,41.17,48.6,45.58,48.77,46.94,44.74,49.25,40.39,46.4,40.47,45.46,48.74,45.2,48.88,47.68,49.29,47.9,49.6688,42.354,45.744,44.148,45.3255,49.514,0
260,37.65,65.84,57.65,35.93,50.49,48.69,43.93,40.81,48.28,52.49,59.21,41.46,40.73,46.93,49.04,49.35,46.22,41.47,48.71,45.62,48.73,46.87,44.55,48.8,40.04,46.58,40.51,45.74,48.25,45.13,48.74,47.46,49.06,48.17,47.3452,42.156,45.8475,43.7295,44.736,49.404,0
259,37.51,63.05,57.34,35.56,48.34,48.28,42.62,43.71,47.86,52.03,60.66,41.94,42.1,47.2,48.37,48.44,46.54,41.3,48.84,45.3,48.97,47.12,44.56,49.14,39.42,46.9,40.48,45.44,48.08,45.03,47.51,47.45,49.27,48.38,46.5904,41.098,45.2145,43.443,43.947,49.214,0
258,37.16,63.82,58.51,35.79,49.41,48.37,40.67,42.07,50.02,51.22,59.39,42.53,41.76,47.74,48.08,49.5,46.15,41.16,48.67,44.42,48.66,47.13,44.58,48.65,39.41,46.41,40.7,45.84,48.55,45,45.23,47.25,49.31,48.25,45.8393,41.68,45.2595,43.905,43.6875,49.336,0
257,36.76,60.94,57.44,36.77,47.77,47.79,40.54,43.52,54.39,51.02,61.3,40.71,41.88,47.4,48.36,49.68,45.23,40.72,48.14,43.38,48.73,46.91,44.64,48.97,39.51,45.35,40.65,46.06,48.51,45.13,46.78,46.72,49.27,48.83,45.3287,40.928,45.318,44.502,43.4415,49.15,0
256,35.62,59.95,57.5,35.89,50.14,48.61,39.87,47.98,52.25,51.37,61.37,41.01,41.85,48.01,48.12,48.74,45.38,40.79,48.15,43.72,49,46.91,45.06,49.38,39.96,46.42,40.77,46,48.31,45.5,47.25,46.57,49.21,48.82,42.3872,41.228,44.7015,44.1555,43.932,49.304,0
255,36.31,57.81,56.6,36.73,44.95,48.28,39.51,46.28,51.27,52.51,60.85,41.82,43.04,48.44,49.23,47.99,45.73,41.29,48.21,44.47,49.11,46.99,44.5,48.97,40.05,46.55,40.65,46.37,47.44,46.1,47.37,46.45,49.28,48.82,41.7249,40.32,44.6355,44.7105,42.4485,49.358,0
254,37.35,55.91,57.48,37.2,43.87,48.62,40.69,44.51,50.63,53.43,59.99,44.19,43.18,50.1,49.22,48.87,46.36,41.55,48.17,45.74,49.51,46.73,44.5,48.99,39.76,47.05,41.1,46.35,46.63,46.36,47.27,46.8,49.11,48.48,42.4279,40.034,44.853,44.3445,42.3375,49.67,0
253,35.52,55.93,57.22,37.93,43.53,47.7,42.66,43.6,50.49,52.21,58.06,44.18,42.89,50.1,49.36,49.76,46.83,42.38,48.17,45.71,49.67,46.76,44.39,49.04,39.45,47.86,42.22,46.72,45.96,46.1,46.42,46.79,48.57,48.75,41.1514,39.2,44.4435,44.9475,42.0075,49.526,0
252,34.95,56.47,57.8,39.51,43.88,48.02,42.65,40.06,51.24,53.15,57.34,46.28,43.35,50.44,49.8,49.33,46.74,41.03,48.19,46.16,49.12,46.91,44.15,49.41,39.39,46.93,42.33,46.31,45.84,45.86,46.53,46.38,48.38,48.75,40.8961,40.17,45.1515,45.534,41.706,49.474,0
251,34.73,54.11,58.77,40.13,47.22,48.81,43.36,36.22,51.06,53.72,57.98,45.64,43.71,50.56,49.28,45.77,46.54,40.95,48.52,46.57,48.97,46.98,43.92,49.57,39.13,46.39,41.21,47.73,45.58,46.06,46.07,46.33,48.76,48.7,40.9627,38.774,45.459,45.8625,42.741,49.79,0
250,34.74,56.52,59.32,38.66,48.67,49.82,42.47,33.87,53.31,52.66,58.56,45.76,43.02,50.3,49.62,45.98,46.26,40.81,48.39,45.08,48.96,47.02,44.4,49.57,38.52,45.92,41.52,46.3,45.16,46.21,45.77,46.5,48.88,48.68,40.7148,39.244,46.1715,45.336,43.6305,50.328,0
249,36.14,55.26,58.91,38.61,49.53,50.48,44.4,39.91,54.13,52.41,58.28,44.24,41.87,51.75,51.27,46.18,45.5,41.12,48.32,44.79,49.14,47.09,44.4,49.83,38.78,47.22,41.29,46.49,46.61,46.21,45.57,46.79,49.08,48.75,40.2412,39.028,45.9015,45.033,43.614,50.57,0
248,37.5,57.12,59.22,40.98,49.68,51.51,46.67,38.98,55.97,51.1,58.43,44.18,41.95,51.97,50.9,46.64,45.87,41.33,48.33,45.1,49.27,47.35,44.75,49.9,38.97,47.01,41.91,46.61,46.64,46.91,46.22,46.34,49.44,48.84,41.4104,39.814,46.1745,45.7695,43.3605,50.816,0
247,38.1,55.84,59.55,40.87,51.34,51,48.05,35.35,56.62,50.34,58.16,41.32,42.86,52.49,50.41,46.47,46.33,41.23,48.35,44.92,49.5,47.64,44.45,50,38.5,47.57,41.78,46.95,46.52,47.27,46.89,46.41,49.85,48.71,40.7333,38.472,46.422,46.0845,43.5705,50.932,0
246,36.81,55.92,60.32,40.8,49.36,51.49,48.77,37.71,56,50.53,59.82,41.77,42.4,52.72,49.84,45.85,46.82,41.46,48.2,45.22,49.36,47.79,44.12,49.75,38.76,48.44,41.5,46.97,46.42,47.65,46.66,45.92,49.98,48.78,40.3448,38.536,46.8615,45.672,43.6275,50.332,0
245,37.87,54.73,59.29,41.82,49.65,51.12,48.87,40.02,55.98,51.05,60.32,43.64,42.79,51.37,51.01,46.8,46.47,41.72,47.62,45.37,49.55,47.72,44.11,49.55,38.65,46.49,41.82,46.77,46.93,47.65,46.3,45.84,49.66,48.74,41.7915,38.158,46.158,45.6765,43.401,50.486,0
244,36.6,53.61,58.42,43.12,48.83,49.84,49.28,39.03,59.62,51.05,61.04,43.45,42.52,51.2,50.37,47.21,45.6,41.75,47.6,45.92,49.81,47.76,44.44,49.59,39.12,45.48,42.89,47.24,46.89,47.94,45.56,45.18,49.6,48.63,39.9267,36.982,46.158,45.516,43.7625,50.43,0
243,37.04,54.12,58.7,42.92,52.96,51.38,49.36,44.6,59.18,48.32,63.14,42.12,43.78,51.85,51.62,48,45.55,42.05,47.64,45.69,49.89,47.44,44.1,49.43,39.49,44.9,43.68,47.36,46.7,48.13,45.97,45.56,49.4,48.61,40.7259,37.376,46.023,45.6945,44.025,49.708,0
242,36.76,53.27,55.44,43.09,53.22,51.55,51.51,46.34,57.91,45.59,63.42,43.91,43.7,53.08,51.48,48.14,44.91,42.34,47.43,45.59,49.91,47.48,44.55,49.06,39.23,47.65,43.41,47.08,47.69,47.95,46.57,45.48,49.5,48.5,41.6768,36.932,44.8005,45.3765,44.0625,50.874,0
241,35.97,54.56,53.96,43.19,51.81,49.38,51.77,48.81,55.09,46.31,62.79,43.39,43.62,52.1,51.25,47.95,44.78,41.99,46.89,46.37,50.26,47.72,44.5,49.02,39.21,47.17,43.08,47.42,47.85,48.22,46.2,45.43,49.3,48.42,41.6361,37.408,44.091,45.2655,45.573,51.056,0
240,33.97,52.69,53.43,43.15,51.56,50.3,53.18,48.58,56.33,46.09,64.21,45.56,43.98,51.08,50.18,47.32,44.22,42.8,46.91,46.23,49.95,47.67,45.34,49.13,38.69,47.26,41.62,47.55,47.82,48.25,45.93,45.76,49.18,48.2,39.9859,35.914,44.082,45.4815,46.3485,50.13,0
239,33.27,50.04,53.67,43.1,51.31,48.38,52.66,42.63,55.67,45.64,63.5,45.43,44.31,50.56,50.38,47.64,44.67,43.09,46.82,46.62,49.67,47.4,45.4,49.02,37.87,47.71,42.07,47.72,47.39,48.57,45.9,45.77,49.47,48.12,39.4272,34.984,44.3895,45.8775,45.582,50.844,0
238,33.16,47.93,52.33,43.82,52.24,48.03,52.75,41.7,53.71,44.02,63.37,45.33,44.72,51.99,49.68,49.48,45.77,43.07,46.97,46.37,48.79,47.37,45.4,48.95,37.86,47.29,42.9,47.69,47.31,48.77,45.79,46.12,49.45,48.1,38.9277,34.524,44.241,46.0485,46.053,50.224,0
237,31.41,48.65,51.66,43.56,50.87,49.25,52.52,40.83,52.69,41.88,63.94,45.68,44.43,51.68,48.89,49.41,46.28,43.44,46.63,46.09,48.25,47.72,44.65,48.68,38.23,50.78,43.14,48.14,46.75,49.01,45.08,45.91,49.46,48.31,37.5513,33.998,43.821,45.8145,46.095,49.726,0
236,30.44,48.79,52.72,44.14,49.1,51.11,50.79,37.59,54.2,42.99,63.94,46.37,44.5,52.26,48.9,50.05,46.69,42.89,46.47,45.19,48.38,47.72,44.81,48.45,38.79,50.07,43.13,48.17,46.63,48.89,44.96,45.62,49.51,47.97,36.6337,34.22,44.1105,45.1275,46.521,51.122,0
235,30.48,48.36,51.8,43.28,48.7,51.86,49.65,37.78,51.9,41.21,63.92,48.04,43.44,52.37,48.86,50.29,48.02,42.31,46.43,45.11,48.05,47.52,44.33,48.59,38.47,52,42.36,48.48,46.59,49.13,45.15,45.69,49.58,47.72,35.8678,34.06,43.9995,45.9375,45.969,52.176,0
234,31.2,46.07,52.59,44.24,50.71,51.4,49.39,37.28,50.84,42.24,66.31,48.38,45.07,53.21,47.97,49.6,48.85,42.15,46.45,45.95,48.52,47.88,44.53,48.76,38.85,41.44,42.78,48.88,47.21,49.14,44.11,45.68,49.72,47.8,36.2896,33.082,44.0445,45.1695,45.8115,52.372,0
233,29.42,45.89,54.17,45.49,50.59,51.54,48,35.4,50.13,40.48,65.73,48.38,46.2,53.66,48,50.45,49.54,42.11,46.34,45.52,49.18,48.32,44.78,48.97,38.91,39.25,42.1,48.95,46.95,49.1,43.53,45.97,49.57,48.12,34.5691,32.66,44.694,44.9865,45.408,52.182,0
232,29.75,48.48,53.96,45.56,50.39,51.38,49.02,36.51,50.57,41.99,66.83,47.55,44.58,53.91,48.34,52.19,49.66,42.08,46.51,45.41,48.94,48.73,45.14,48.75,39.16,41.3,42.76,49.26,47.33,48.7,41.27,45.55,49.79,47.91,33.9734,33.104,44.7675,45.318,45.8685,52.904,0
231,30.02,46.25,54.37,46.24,48.46,50.86,47.62,38.74,49.85,41.13,68.35,46.91,44.93,54.61,49.5,52.19,48.2,41.81,46.42,45.23,48.62,48.69,44.77,48.25,38.89,44.18,43.67,49.28,47.35,48.72,40.59,45.38,49.99,47.75,34.0918,32.466,45.3555,45.7875,45.558,52.554,0
230,28.46,48.69,53.93,45.23,49.58,48.86,46.08,43.55,46.99,45.04,68.1,48.53,44.94,52.85,49.7,49.57,47.83,42.46,46.36,44.8,48.06,48.65,45.2,48.55,38.47,42.04,42.55,48.86,47.25,48.69,40.59,45.28,49.89,47.95,33.6219,33.312,45.6,46.0605,45.201,52.918,0
229,26.55,48.85,54.99,45.95,48.95,49.11,44.54,43.67,49.41,45.37,67.06,48.81,44.47,52.25,49.99,49.05,48.28,42.69,46.04,44.24,48.28,48.1,44.89,48.83,38.94,41.71,41.6,48.86,47.18,48.87,39.82,45.25,49.52,48.3,32.0309,33.176,45.2205,46.023,45.54,53.124,0
228,29.53,47.78,56.73,45.88,49.4,47.87,45.26,46.47,50.71,44.23,65.85,49.64,44.12,53.28,50.05,49.36,47.84,42.44,45.74,44.18,47.67,48.39,44.93,49.17,38.72,41.35,41.59,47.54,47.01,48.76,39.5,45.23,49.7,48.27,33.2075,32.916,45.5685,46.1715,44.826,52.464,0
227,32.19,46.39,57.32,46.44,49.7,46.19,44.71,45.73,50.99,45.42,66.26,48.78,43.62,52.29,49.58,49.77,47.32,42.06,46.82,44.05,47.73,48.39,45.15,49.59,39,40.96,42.24,48.12,47.09,48.64,40.83,45.38,49.78,48.05,36.8409,32.532,46.1475,46.296,45.147,53.016,0
226,30.34,47.78,56.64,47.57,49.56,47.33,43.67,41.58,51.64,44.01,67.76,48.84,42.81,52.67,49.08,49.06,47.22,42.32,46.98,43.94,47.45,48.24,45.12,49.59,39.36,41.85,42.56,47.72,47.04,48.47,40.17,45.67,49.95,48.25,34.6061,32.928,47.061,45.852,45.363,52.386,0
225,31.45,46.31,55.72,47.94,48.78,45.64,43.64,42.16,52.33,46.97,68.35,47.18,43.05,53.63,49.48,49.06,47.64,42.45,47.31,43.9,47.56,47.95,45.4,49.6,39.17,40.97,42.8,47.74,46.71,48.58,39.66,46.41,50.14,48.31,35.8049,32.758,46.386,45.924,45.288,51.858,0
224,32.3,45.59,57.41,47.49,48.48,49.34,42.89,41.44,51.75,48.14,67.92,48.2,44.98,53.85,50.38,48.66,48.22,42.75,47.82,44.47,47.74,48.09,45.42,50.3,38.89,41.54,42.46,47.29,46.96,48.66,39.66,46.74,49.89,48.19,37.9324,32.934,46.827,46.638,45.8025,53.396,0
223,33.22,45.15,57.36,47.77,47.61,52.19,44.43,41.68,48.96,47.3,66.56,47.12,44.1,53.51,50.07,49.82,47.55,42.37,47.21,44.87,47.71,48.39,45.36,50.4,38.94,41.34,42.68,47.03,46.94,48.75,38.83,46.52,49.98,48.25,38.1433,32.796,47.724,46.7595,46.056,53.092,0
222,33.62,46.23,58.23,46.17,46.36,50.77,47.23,40.08,50.02,49.02,64.68,46.69,43.1,52.76,50.07,51.19,48.03,42.3,47.05,44.15,47.8,48.52,45.2,50.27,38.9,41.14,42.7,47.51,46.82,48.54,37.36,46.78,50.3,48.33,39.0387,33.256,48.255,46.947,45.777,53.804,0
221,31.62,44.45,57.49,46.64,47.84,50.86,46.98,40.78,48.41,48.74,65.37,46.45,43.08,53.58,49.78,50.55,48.82,42.38,46.5,44.15,47.54,48.54,45.88,50.05,38.96,40.66,43.02,47.73,46.94,48.36,35.44,47.07,50.19,48.4,38.3505,32.636,49.191,47.409,45.942,54.936,0
220,29.88,44.53,56.43,46.62,46.91,50.54,43.14,40.32,47.14,48.88,65.11,46.48,42.48,53.93,49.64,50.35,48.45,42.02,46.37,44.02,47.69,48.78,45.95,50.02,39.27,41.49,42.39,47.53,47.14,48.26,36.16,47.21,50.11,48.36,37.4033,32.368,45.1125,47.31,45.6825,55.14,0
219,32.28,48.24,57.19,45.83,48.41,49.03,41.19,41.17,48.11,47.71,63.09,45.28,42.83,54.16,50.26,51.27,48.02,41.8,46.58,43.91,47.74,48.59,45.92,50.17,39.5,41.22,42.51,47.38,47.14,48.58,36.45,47.59,50.16,48.35,39.9082,33.726,44.7435,47.8695,45.7935,55.614,0
218,31.72,49.57,57.38,45.72,48.71,47.48,41.89,40.17,51.77,49.71,62.55,45.4,43.87,55.12,51.41,51.59,48.77,41.67,46.7,43.1,47.76,48.46,45.58,50.13,39.5,41.92,42.32,47.7,47.28,48.44,37.68,48.06,50.04,48.58,39.9785,35.15,44.952,47.787,46.716,55.348,0
217,30.89,53.05,57.84,47.03,49.84,46.94,43.75,39.56,53.59,49.89,62.62,45.46,44,54.48,50.73,51.03,49.43,41.68,46.63,42.23,47.78,48.3,45.3,49.99,39.87,42.47,42.09,47.49,47.66,48.34,36.78,47.36,50.04,48.6,39.183,36.93,44.9265,47.9925,47.5605,54.334,0
216,29.69,48.45,59.88,47.51,48.67,46.71,44.52,37.55,52.78,47.81,61.84,47.1,43.98,55.44,51.18,50.51,49.44,41.75,46.43,42.46,47.97,48.24,45.2,50.25,39.78,42.93,41.74,47.39,47.42,48.45,36.55,47.85,49.83,48.49,38.7168,35.332,45.7545,48.576,47.8635,54.122,0
215,27.94,50.48,60.06,47.01,50.91,46.73,45.28,35.94,53.27,49.06,61.24,47.16,44.56,55.77,51.23,50.36,50.25,41.85,46.15,42.42,48.91,48.46,44.6,50.17,39.28,42.56,42.03,47.11,47.13,48.06,35.73,47.8,49.83,48.77,36.0713,36.118,44.9715,48.4725,47.8425,54.636,0
214,27.45,51.69,59.94,47.31,50.74,45.58,44.13,33.98,55.46,48,59.57,47.44,45.19,56.36,51.5,49.71,50.06,41.88,45.96,41.86,48.96,48.27,44.56,50.29,39.27,42.32,41.9,47.59,47.11,47.98,36.47,47.8,49.63,49,36.0713,36.782,45.4215,48.543,48.1275,55.378,0
213,26.21,52.86,60.37,45.86,51.8,44.81,47.01,37.51,55.5,47.99,57.65,47.26,45.45,56.8,50.88,48.8,50.05,41.37,46.02,42.02,49.04,48.32,44.78,49.66,39.68,40.88,42.07,47.42,46.75,47.85,36.01,47.29,49.74,49,36.2267,37.458,45.1875,48.282,47.7315,54.214,0
212,29.44,50.02,60.35,46.66,52.31,44.32,47.33,34.93,60.01,49.39,58.46,48.33,46,56.96,50.29,49.16,49.46,41.53,45.66,42.41,49.16,48.42,44.11,49.53,39.46,40.07,42.84,48.25,46.67,47.79,34.77,47.18,49.83,49.3,39.5641,36.654,45.4605,48.3555,47.4,53.916,0
211,29.08,48.84,60.3,44.46,53.24,44.99,49.06,34.62,60.74,48.07,59.88,47.54,45.6,57.16,50.95,48.58,49.51,42.04,46.25,42.52,51.05,48.59,44,49.25,38.12,40.48,42.42,48.33,46.61,47.4,35.12,47.14,49.91,49.6,39.146,36.282,46.173,48.156,47.472,55.008,0
210,30.6,51.21,60.58,42.84,55.84,46.36,49.81,39.48,58.23,50.07,61.1,48.35,44.35,56.79,51.07,48.53,49.62,41.76,46.16,42.79,49.71,48.91,43.9,49.52,38.41,38.5,42.19,48.56,46.45,47.44,34.17,46.76,49.9,49.4,39.553,38.274,46.326,48.1095,47.874,54.58,0
209,29.04,52.78,62.43,43.13,56.28,46.2,50.16,38.94,58.81,50.95,61.01,51.15,44.58,55.58,50.48,48.82,49.39,41.96,46.15,41.98,49.85,48.86,44.2,49.84,38.54,37.91,41.74,48.59,46.7,47.77,33.53,46.44,49.79,49.42,37.999,39.428,46.5255,47.709,48.1455,55.496,0
208,30.66,54.06,63.31,43.11,57.83,53.57,48.86,38.44,59.23,51.14,60.54,51.17,45.68,56.48,51.41,49.04,49.97,42.48,45.37,41.39,49.06,48.63,44.3,50.56,38.66,37.94,41.75,48.59,46.62,47.77,35.11,46.79,49.79,49.18,40.2523,39.732,47.202,47.3445,47.8335,54.648,0
207,30.77,53.61,62.92,42.63,59.77,58.1,50,39.96,60.88,51.39,62.91,51.39,45.51,56.06,51.29,48.42,50.35,42.61,45.31,40.71,49.39,48.43,44.39,50.43,38.43,38.37,41.42,47.83,46.62,47.77,34.55,46.69,49.92,48.95,39.9304,39.802,47.6655,46.4355,48.198,54.258,0
206,29.64,53.53,62.2,42.76,58.56,57.28,48.17,42.5,59.64,51.46,61,51.49,46.16,57.7,51.74,48.13,50.13,42.68,45.45,41,49.7,48.69,44.36,50.63,38.48,38.86,41.79,48.07,46.46,46.4,34.6,46.73,50.1,49.1,37.9435,39.548,46.488,46.563,48.5895,56.68,0
205,31.48,52.14,62.82,42.05,56.55,57.88,49.66,45.22,62.59,51.79,61.41,51.75,46.86,57.2,52.4,47.39,50.43,42.27,45.35,41.11,49.29,48.66,44.78,50.48,38.46,39.16,41.58,48.14,45.92,46.78,33.95,47.2,50.79,49.2,39.0387,39.188,46.308,46.4835,49.086,55.848,0
204,31.87,51.16,61.83,40.68,57.07,56.97,48.7,44.76,61.84,52,61.97,51.68,46.66,56.6,52.45,47.62,51.77,42.24,45.44,40.89,49.54,48.49,44.5,50.43,38.75,39.38,41.54,48.15,45.78,46.6,33.26,47.74,50.45,49.2,37.8177,39.876,46.5645,45.4755,49.4235,58.098,0
203,32.15,50.34,62.59,40.12,58.84,59.63,49.68,40.15,62.45,51.64,63.36,53.05,45.8,55.88,53.17,47.84,51.69,42.51,45.34,40.3,49.44,48.32,44.48,50.53,38.68,40.25,41.17,48.28,46.01,46.39,32.27,47.55,50.55,49.24,39.1978,42.236,46.9215,44.8185,49.7385,57.546,0
202,33.07,49.45,62.4,40.82,56.7,62.23,50.87,41.65,59.52,50.07,63.67,53.57,46.64,56.89,53.15,48.6,51.51,42.93,45.27,40.25,49.2,48.35,44.74,50.65,38.34,40.43,41.35,48.72,45.72,47.35,31.98,47.77,50.73,49.2,39.59,44.358,46.2975,44.5785,49.296,58.618,0
201,32.78,49.28,62.59,40.43,56.72,61.91,50.21,45.38,64.52,50.69,62.41,53.78,47.26,56.69,53.71,48.32,52.18,43.35,45.32,40.66,49.54,48.63,44.76,51.05,38.64,39.73,41.58,48.56,45.67,47.51,32.09,48.08,50.7,49.38,38.8944,40.578,46.3395,43.9515,48.357,58.516,0
200,33.75,50.99,64.92,41.56,54.7,64.42,51.5,43.61,65.47,51.82,61.58,53.89,46.57,57,53.84,49,54.13,43.3,45.33,40.49,50.19,48.59,44.76,50.8,38.63,39.42,41.3,48.67,45.5,47.75,33.16,47.74,50.78,49.35,39.812,42.072,46.2075,43.7865,47.82,60.47,0
199,34.4,48.17,63.33,41.95,56.16,65.44,51.87,45.52,65.15,51.64,60.02,54.59,46.28,57.78,54.31,48.39,51.26,43.63,44.91,40.94,49.81,48.63,44.52,50.65,38.55,39.31,40.93,48.3,45.59,48.13,32.28,47.57,50.73,49.27,40.6815,42.716,45.6105,44.595,49.1295,61.154,0
198,34.66,49.76,61.45,42.06,56.58,65.02,51.49,47.07,67.9,50.05,60.47,54.77,46.1,57.27,54.2,48.01,51.69,43.85,44.33,41.28,49.61,48.33,44.1,50.83,38.51,38.99,40.78,48.54,45.37,48.04,32.85,47.92,50.75,49.2,40.9405,45.978,44.883,44.634,48.027,60.986,0
197,34.57,49.59,61.56,42.54,57.4,64.38,52.09,45.71,68.75,48.91,59.96,53.54,46.78,56.72,54.16,48,51.76,44.69,44.26,40.49,49.91,48.02,44.05,50.35,38.67,39.68,40.43,48.52,45.45,48.12,33.1,48.06,50.8,49.4,41.4474,37.746,44.745,44.6925,48.261,61.786,0
196,35.92,50.52,62.58,42.52,56.34,62.7,52.11,42.33,69.92,47.93,61.77,54.43,46.19,57.83,54.56,47.59,52.02,44.31,44.18,40.11,50.46,47.91,44.12,50.27,38.69,40.45,40.24,48.5,45.49,48.35,34.01,48.19,50.99,49.4,42.9681,38.79,45.1815,44.6235,47.823,61.314,0
195,37.9,51.53,61.12,43.03,56.71,61.16,51.24,47.03,70.33,48.16,63.1,54.95,47.44,56.01,54.51,46.41,51.69,44.49,44.2,40.62,50.58,48.19,44.18,50.51,38.5,40.27,40.22,49.03,46,48.39,32.65,48.32,50.91,49.64,45.2325,38.026,44.511,44.5365,48.291,60.222,0
194,36.5,50.76,60.03,43.45,55.43,61.19,49.8,46.25,70.21,47.55,62.17,55.05,47.48,55.38,55.11,46.55,50.72,44.45,44.06,40.7,51.16,47.94,44.44,50.02,38.83,40.01,40.05,49.29,46.29,48.36,32.72,48.85,50.86,49.72,44.4,37.546,44.415,44.226,49.0425,61.414,0
193,38.29,49.61,57.99,43.74,55.11,57.18,51.7,47.35,65.68,47.11,63.58,56.46,48.18,54.93,54.88,46.74,51.09,44.46,43.28,41.29,51.99,48.11,44.45,50,39.18,39.76,40.38,49.77,45.59,48.64,33.2,48.8,50.91,49.87,45.6099,37.38,43.8825,43.863,48.957,60.898,0
192,37.84,50,58.2,42.16,57.06,57.98,52.93,49.16,69.42,46.59,62.77,56.4,47.93,51.67,54.9,46.15,50.91,45.05,43.21,40.92,53.27,48.16,44.81,50.22,39.15,40.61,40.07,49.84,45.68,48.87,33.73,48.98,50.87,49.85,44.9957,36.796,43.794,43.9425,48.6435,60.58,0
191,38.5,48.29,58.89,42.96,58.09,61.42,52.2,48.14,64.48,46.73,60.42,56.72,48.08,49.88,55.61,45.96,49.43,45,44.34,42.06,54.34,48.26,45.01,50.34,39.24,40.38,39.6,50.33,46,48.69,33.28,48.34,50.64,49.7,45.066,36.27,44.1465,44.085,49.068,61.276,0
190,37.18,48.17,58.08,42.45,55.61,61.07,50.68,51.61,61.84,49.61,60.57,56.62,47.11,48.61,55.35,46.8,48,45.24,44.31,42.04,53.06,48.56,44.81,50,39.07,40.49,39.28,49.51,46.28,48.6,32.78,48.24,50.49,49.7,44.2705,36.408,43.362,43.9005,48.927,59.076,0
189,36.34,47.05,59.7,43.71,57.27,62.33,51.25,51.06,60.86,51.69,61.77,56.03,47.45,46.91,54.99,46.54,47.46,45.5,44.32,42.32,51.05,48.43,44.85,49.83,39.29,40.1,39.96,49.51,46.58,48.67,33.94,48.09,50.52,49.62,43.5749,35.582,43.7325,42.9615,48.3375,59.944,0
188,38.46,44.84,60.37,44.81,55.35,64,51.91,53.8,61.22,52.28,63.91,53.81,47.01,48.66,55.36,47.3,47.31,45.51,46.51,41.51,51.95,48.96,45.29,50.15,38.9,39.62,40,50.04,46.49,48.67,32.13,48.45,50.42,49.65,45.5544,34.26,43.515,43.3815,49.2285,61.298,0
187,40.2,43.88,59.43,46.34,56.87,65.75,50.61,53.98,65.9,52.91,64.26,54.84,45.51,47.97,55.87,47.48,48.02,45.34,45.92,41.06,52.4,48.92,45.16,50.21,39.13,39.76,40.39,50.15,46.09,48.67,32.25,48.16,50.55,49.53,46.4165,33.972,43.8195,43.4445,48.9195,60.486,0
186,39.44,43.46,59.46,46.58,57.03,65.6,50.53,52.77,67.58,52.93,64.16,54.05,45.73,48.63,56.31,47.75,47.79,45.67,46.48,40.99,52.19,48.78,44.88,50.27,39.22,39.41,40.46,50.53,46.09,48.67,32.02,48.25,50.61,49.46,45.8467,33.878,43.8015,43.2645,48.5505,61.05,0
185,39.91,44.66,59.6,47.23,57.33,65.4,50,54.34,65.62,54.08,66.07,54.23,45.45,50.37,56.88,46.31,47.09,46.17,46.83,40.64,51.79,49.07,45.1,50.27,39.19,39.63,40.48,49.91,46.96,48.63,31.44,48.29,50.59,49.4,45.7838,35.45,43.674,43.158,48.243,61.524,0
184,41.45,43.96,59.19,47.07,55.41,63.98,52.17,52.38,61.58,56.03,66.45,53.99,46.25,50.16,57.71,46.32,46.45,46.44,46.76,40.7,51.41,49.05,44.8,50.26,39.28,39.29,40.08,50.2,47.03,48.62,30.42,48.72,50.72,49.53,46.3277,34.446,43.8225,43.2195,47.6805,61.1,0
183,39.79,45.72,60.26,47.19,52.78,64.79,52.37,48.41,60.98,55.87,67.15,55.4,45.76,51.04,57.56,46.29,46.7,46.8,46.21,40.41,51.47,49.22,44.06,50.31,39.16,39.7,40.03,50.81,47.1,48.69,31.27,48.85,50.65,49.73,44.548,34.686,43.791,43.731,48.1515,61.24,0
182,39.46,47.45,61.28,44.45,53.02,64.27,53.76,49.66,64.83,55.94,66.63,57.27,44.27,49.78,56.58,45.59,46.9,46.76,45.61,40.28,52.26,49.15,44.4,50.45,39.25,39.47,40.28,50.19,46.98,48.83,31.52,48.82,50.86,49.82,44.3223,34.614,44.2155,43.728,48.432,61.096,0
181,39.39,47.51,61.67,43.26,55.23,66.72,54.87,48.39,63.83,54.64,66.74,57.01,44.39,48.56,56.21,46.19,46.43,46.64,45.54,39.47,52.7,49.17,44.38,50.58,39.44,39.98,40.48,49.95,47.08,48.78,31.75,48.9,50.85,50,43.6637,34.13,44.3685,46.0305,48.279,60.498,0
180,38.28,49.21,61.58,42.7,54.01,67.94,56.62,52.64,66.23,54.38,66.23,56.04,44.38,48.97,56.54,47.12,45.45,46.95,45.74,39.47,52.27,49.03,44.75,50.69,39.84,39.96,40.3,50.42,47.08,48.91,32.74,49.09,50.8,50.12,42.7535,34.566,43.98,46.311,48.1185,60.83,0
179,38.32,51.43,59.74,43.36,51.47,68.47,56.84,52.51,69.09,54.28,67.07,55.85,44.97,48.62,55.82,47.26,45.83,46.81,45.99,39.12,52.75,49.18,45.7,50.38,39.8,40.31,39.78,49.99,47.01,48.7,34.33,49.05,50.85,50.2,42.9089,35.752,43.317,45.03,47.3835,60.792,0
178,38.34,48.87,59.62,44.2,53.31,68.34,55.88,51.05,68.5,51.51,67.94,54.11,46.15,47.96,56.13,47.06,45.69,46.03,45.45,39.23,53.03,49.56,45.69,50.36,40.29,40.26,39.43,49.8,46.79,48.67,32.47,49.24,50.81,50.2,43.8376,34.55,42.999,44.454,47.526,61.796,0
177,36.79,48.68,60.29,44.64,52.46,68.83,55.39,49.15,70.87,51.89,67.39,53.32,47.14,48,54.99,47.28,45.04,45.83,45.22,39.35,53.06,49.77,45.74,50.37,40.45,41.05,39.15,50.02,46.81,48.84,33,48.94,50.78,50.14,41.8729,34.624,43.593,43.647,48.744,62.69,0
176,35.7,47.6,61.14,43.51,51.02,70.3,54.92,49.38,70.11,52.01,68.74,53.71,47.84,48.85,53.47,48.48,43.85,46.57,45.55,39.27,54.21,49.67,45.53,50.16,40.23,40.89,38.44,50.59,47.06,48.65,33.48,48.68,50.75,50.15,40.2893,34.358,43.6185,44.3055,48.4125,63.428,0
175,35.89,50.09,60.44,41.29,52.7,72.79,54.34,52.24,70.14,53.85,68.98,51.86,47.21,47.46,54.57,48.18,44.14,46.4,45.56,39.57,55.34,49.59,45.57,50.43,40.62,41.48,37.68,50.63,46.88,48.59,33.61,49.14,50.72,50.05,39.7602,34.938,43.3605,44.4195,47.4135,63.7,0
174,37.75,49.14,62.56,38.71,53.64,69.92,54.05,50.05,71.76,53.63,68.62,50.22,46.72,48.14,54.75,48.25,45.41,46.72,45.32,39.53,54.29,49.88,45.87,50.27,40.31,41.91,38.06,50.64,47.89,48.11,32.97,49.04,50.78,49.94,42.1911,33.65,44.016,44.2185,47.538,63.824,0
173,37.26,49.14,63.6,38.72,52.83,66.25,55.84,49.41,73.79,53.61,69.32,51.13,47.57,48.63,55.94,48.79,45.38,46.47,45.12,39.9,55.06,49.55,45.65,50.43,40.44,41.64,37.78,50.29,48.09,48.01,32.7,48.95,50.8,50.14,41.6509,33.65,44.31,43.4865,47.1885,64.12,0
172,39.72,52.14,63.4,36.68,52.93,67.11,55.51,49.25,74.93,53.1,70.4,50.49,47.74,49.29,56.18,48.24,45.57,46.87,45.46,39.83,54.47,49.15,45.94,50.18,40.22,41.71,37.85,50.69,48.12,47.98,31.43,49.02,50.7,49.95,44.4148,35.286,44.085,43.077,46.4355,66.394,0
171,40.36,53.98,63.74,37.73,54.2,68.11,53.24,49.98,74.86,53.13,71.35,50.37,47.42,49.18,56.38,47.95,45.89,47.33,45.9,39.35,54.67,49.73,46.22,50,39.86,41.08,37.44,51.22,48.3,48.47,31.83,49.31,50.68,49.99,44.9439,35.676,43.998,42.438,46.7235,65.05,0
170,42.17,50.42,64.05,38.01,52.67,69.66,51.45,50.33,76.69,51.83,72.17,52.29,47.6,50.55,56.27,47.82,46.11,47.8,45.46,39.42,53.82,50.05,46.55,49.96,39.87,41.13,36.96,51.51,48.37,48.64,31.92,49.8,50.69,50,47.2083,33.962,44.6865,42.0975,47.4945,63.452,0
169,41.76,50.79,63.75,38.76,52.27,67.12,53.45,45.88,77.48,53.38,71.95,52.44,45.73,50.87,56.62,47.28,47.35,47.78,45.41,39.91,53.95,50.41,46.65,50.42,40.21,41.62,38.06,52.61,48.52,48.65,32.57,48.32,50.66,49.98,46.8272,34.536,44.805,41.019,47.619,64.056,0
168,41.5,51.64,63.76,39.18,53.05,68.15,53.68,46.51,79.37,55.89,75.17,54.2,46.71,49.91,56.38,47.61,45.88,47.92,45.45,40.38,54.07,50.52,46.46,50.33,40.24,40.88,37.95,54.65,48.03,49.03,33.2,47.93,50.5,49.87,46.4091,35.322,45.159,41.6865,46.749,63.78,0
167,40.36,51.91,64.3,41.43,53.11,71.45,53.7,48.85,78.3,54.58,73.33,55.39,46.46,46.65,56.73,46.86,46.04,48.18,45.54,39.6,52.7,50.41,46.3,50.1,40.25,40.94,39.07,54.65,47.74,49.03,33.21,47.87,50.52,49.72,45.5914,35.666,45.123,41.814,46.899,64.484,0
166,39.78,53.29,64.37,43.64,53.55,72.29,55.12,49.62,76.06,55.84,72.88,54.57,46.97,46.64,57.11,47.29,45.33,47.94,45.19,39.73,52.4,50.12,46.61,50.32,40.11,41.15,39,50.61,47.74,49.03,32.98,47.94,50.57,49.65,45.7283,36.034,45.1755,42.141,46.773,63.656,0
165,41.08,56.39,62.13,43,54.12,72.28,54.2,51.55,78.52,55.06,71.93,54.2,47.53,46.26,57.57,48.44,44.65,47.66,45.09,40.03,52.2,50.29,47.01,50.22,40.11,41.28,38.66,51.41,48.3,48.68,33.39,47.66,50.63,49.53,46.7384,37.776,45.039,42.1755,46.8765,63.17,0
164,42.63,56.71,61.44,44.5,54.55,72.21,52.44,50.14,78.75,56.46,70.97,51.61,47.46,45.49,57.29,48.27,45.42,47.81,45.32,39.99,52.32,50.15,47.22,50.16,40.22,41.26,38.47,51.19,48.4,48.83,33.36,47.63,50.55,49.65,49.2914,38.16,44.7135,42.6195,47.064,64.428,0
163,43.18,55.74,61.94,43.46,54.93,72.76,53.22,49.92,75.63,55.71,71.88,51.77,47.31,45.24,56.75,48.46,45.74,48.45,45.74,39.91,52.43,50.43,46.72,50.26,40.29,40.96,38.54,50.92,48.6,48.84,33.51,47.33,50.48,49.57,48.0926,37.648,45.2175,43.5255,47.097,63.984,0
162,43.73,56.38,60.6,41.03,54.87,72.86,55.17,50.97,73.46,54.4,73.7,49.72,47.38,45.8,56.24,48.94,45.87,48.53,45.32,40.44,51.2,50.38,46.53,50.56,40.41,41.25,38.54,50.42,48.27,48.6,33.34,47.36,50.43,49.73,48.4293,37.542,44.799,43.518,46.9425,64.052,0
161,42.64,55.26,60.84,43.99,56.16,73.93,56.15,51.12,72.52,53.68,74.61,50.92,48.21,46.03,56.62,47.8,46.89,48.66,45.39,40.21,50.81,50.5,46.81,50.5,40.77,41.17,38.81,50.66,47.98,48.73,33.81,47.29,50.26,49.8,47.7411,37.064,44.2785,43.5105,47.4165,63.64,0
160,44.04,56.16,61.28,45.61,55.22,73.52,56.19,53.2,76.32,53.19,72.28,49.5,48.98,45.67,56.12,48.45,46.75,48.85,46.13,39.91,50.86,50.09,47.18,50.58,40.85,41.37,38.68,49.8,47.99,48.83,34.73,47.19,50.29,49.66,49.3025,37.416,44.5515,43.101,47.916,64.222,0
159,45.33,57.74,59.74,46.16,52.54,71.05,52.74,54.47,79.97,51.93,69.94,50.13,49.57,46.49,56.63,48.36,46.98,48.92,45.95,39.6,51.18,49.89,46.88,50.3,40.85,41.68,37.99,50.1,47.14,48.92,34.33,47.31,50.17,49.68,51.0415,38.478,44.0235,41.8335,47.7105,64.668,0
158,46.03,57.15,59.42,45.62,48.49,69.24,49.97,53.84,81.84,51.47,70.19,50.83,49.37,45.72,57.85,47.77,47.29,48.98,45.47,39.63,51.04,50.29,46.84,50.53,41.12,41.63,37.98,50.58,47.37,49.05,34.32,47.17,50.16,49.59,51.9702,38.566,43.71,42.8325,47.751,64.632,0
157,45.92,56.99,59.76,46.62,47.94,59.8,47.11,56.34,83.53,52.26,69.77,50.96,49.93,46.23,57.68,47.39,48.09,48.32,45.37,39.66,51.11,50.33,47.29,50.53,40.8,41.78,38.27,50.02,47.2,49.23,35.21,47.58,50.25,49.6,50.9823,38.428,43.8345,43.266,47.6565,65.116,0
156,44.78,57.06,59.48,46.39,47.01,57.18,45.11,56.71,83.69,51.55,70.69,52.03,48.93,46.98,57.99,48.23,48.65,48.22,45.24,39.62,51,50.29,47.71,50.45,40.77,41.93,38.28,49.44,47.39,49.13,35.74,47.38,50.16,49.57,50.1535,38.332,43.596,43.803,47.1375,65.042,0
155,43.65,58.58,59.5,46.04,46.81,62.55,46.8,58.63,85.96,51.81,72.13,52.07,50.06,47.72,58.38,48.52,48.1,48.5,45.13,40.34,50.68,49.61,47.71,50.38,40.71,41.27,38.99,49.76,47.74,49.26,35.86,47.59,50.22,49.36,49.3358,38.962,43.3155,43.9155,46.3035,63.816,0
154,43.78,59.63,60.77,45.17,47.08,63.88,46.37,58.5,84.23,52.37,73.32,50.45,50.77,47.35,59.36,48.55,49.11,48.06,45.17,40.43,51.01,49.75,47.59,50.36,40.86,40.91,39.02,49.52,47.54,49.41,35.77,47.66,50.34,49.38,49.1434,39.526,43.9125,43.7205,45.132,62.86,0
153,44.32,59.15,60.26,44.21,46.13,58.21,45.65,58.85,85.8,52.46,72.04,48.54,51.08,48.5,58.15,48.71,49.62,47.57,45.24,41.38,51.36,49.41,47.85,50.11,41,40.74,38.95,50.06,47.46,49.27,35.89,47.79,50.34,49.34,49.1619,39.644,43.803,44.049,44.721,57.738,0
152,44.66,58.93,59.99,44.3,44.78,58.97,44.4,58.02,84.22,53.17,69.41,48.67,51.38,49.17,57.95,48.98,49.92,48.03,44.95,41.37,51.42,49.52,48.28,49.8,40.96,40.92,39.71,50.09,47.49,49.41,35.51,47.93,50.36,49.21,49.4801,39.574,43.602,43.593,44.8515,56.914,0
151,43.44,60.4,60.59,45.16,43.98,59.65,41.61,58.62,84.12,52.55,69.53,48.61,51.55,48.74,58.18,48.86,49.73,48.04,45.08,41.39,51.48,49.9,48.05,49.45,40.76,40.89,39.59,50.51,47.48,49.56,35.68,47.8,50.59,49.15,47.5931,40.29,43.7775,43.365,44.9865,59.236,0
150,44.66,60.93,61.7,46.02,42.81,57.37,40.08,56.34,86.29,54.86,68.69,48.97,50.54,49.14,58.33,48.91,49.32,47.94,44.47,41.3,50.78,50.08,47.93,49.56,40.55,41.18,39.03,50.7,47.49,49.8,36.16,47.9,50.6,49.23,49.4875,40.322,44.16,43.095,44.751,60.024,0
149,46.23,58.94,62.37,46.71,42.56,56.91,39.41,59.03,87.05,54.94,69.45,47.25,51.5,48.83,57.33,49.91,50.33,47.11,44.07,42.12,50.64,49.96,47.59,49.32,40.69,41.37,38.87,50.13,47.66,49.89,37.16,48,50.98,49.4,51.6779,39.234,44.439,43.2015,44.454,57.966,0
148,46.7,59.39,61.5,46.16,41.48,60.1,39.87,59.65,89.07,56.27,68.53,46.92,50.92,49.28,56.37,49.98,49.89,46.88,42.96,41.59,52.48,50,48,48.95,40.52,41.4,38.76,50.2,47.76,49.87,36.04,47.1,50.73,49.48,51.578,39.074,44.259,43.6305,43.9425,58.274,0
147,46.21,59.25,62.02,44.28,42.57,58.44,38.01,62.04,93.17,54.97,69.23,46.8,49.93,49.03,56.15,49.74,48.61,47.03,44.18,41.19,52.65,50.06,48.5,49.8,40.12,40.83,38.26,50.6,47.43,49.87,34.82,47.6,50.75,49.55,51.9147,38.908,44.304,44.055,43.995,58.844,0
146,47.72,60.75,62.61,44.25,41.66,59.49,40.04,61.05,90.81,55.77,71.76,49.16,51.72,48.85,55.88,49.58,48.78,47.41,44.63,41.86,51.4,49.81,48.1,49.9,40.4,41.02,37.68,50.93,47.45,49.24,35.16,47.7,50.93,49.48,53.2837,39.978,44.1135,44.262,43.464,57.488,0
145,48.31,60.5,62.44,44.15,39.9,57.7,40.21,61.67,92.19,54.18,69.86,49.67,51.14,49.16,55.27,48.41,49.93,47.06,44.78,41.86,51.23,49.77,48.01,49.71,40.9,41.19,37.68,50.93,47.17,49.35,35.59,47.57,50.67,49.33,54.2938,40.102,44.238,43.935,42.735,56.902,0
144,48.19,59.88,64.07,43.83,40.66,59.59,38.75,62.45,88.85,55.2,71.32,50.98,50.7,49.35,55.76,48.38,50.51,47.14,44.82,41.63,51.32,49.41,47.89,49.82,40.94,41.33,37.83,49.66,47.17,49.42,35.1,47.64,50.6,49.39,54.8747,40.112,44.2995,43.104,42.45,58.118,0
143,48.16,59.69,63.74,45.01,40.86,61.32,41.51,63.45,91.03,53.15,71.37,51.01,49.44,48.58,54.67,48.66,50,47.35,44.99,40.79,51.11,49.26,47.65,49.9,42,41.11,37.8,49.48,47.4,49.37,34.83,47.92,50.75,49.3,54.7156,40.096,44.2605,42.9,42.9045,57.894,0
142,47.75,59.43,64.35,43.13,40.76,60.23,44.55,65.08,86.62,53.49,72.03,51.85,49.88,49.1,55.31,48.55,50.35,47.17,44.85,40.79,50.76,48.69,47.73,50.09,41.92,41.32,37.98,49.52,47.37,49.26,34.54,47.84,50.88,49.3,55.13,39.736,44.3235,42.8535,42.921,58.366,0
141,48.08,57.26,64.28,43.61,37.82,60.59,43.97,66.31,87.35,54.01,71.29,51.97,52.33,49.56,55.08,48.37,49.01,46.84,45.2,40.97,49.94,48.78,48.05,49.97,41.95,41.13,38.08,49.95,47.54,49.38,34.3,47.48,50.71,49.22,54.6675,38.584,44.286,43.0095,42.1815,56.942,0
140,48.62,58.98,64.11,41.97,36.53,62.7,42.58,68.58,87.76,55.08,70.34,54.6,49.96,50.71,55.33,47.93,50.14,46.34,44.96,40.88,49.76,48.89,48.32,50.17,42.11,41.13,37.4,49.9,47.43,49.56,33.81,47.47,50.81,49.11,55.0819,38.92,44.0985,43.599,42.3285,58.194,0
139,49.56,60.72,62.72,43.45,33.23,60.29,42.86,68.55,84.31,56.21,72.33,53.63,49.28,50.67,54.89,48.13,50.35,46.65,44.84,40.98,49.85,48.9,48.21,50.03,42.03,41.02,37.5,49.81,47.51,49.69,33.87,47.02,50.83,48.76,55.9699,39.718,43.959,43.0425,42.432,59.606,0
138,49.48,59.72,63.58,43.31,33.98,60.4,44.61,66.12,82.3,55.61,72.6,55.03,48.49,50.05,54.79,48.24,49.7,46.74,44.81,40.33,50.44,49.14,48.21,49.77,42.11,40.47,37.14,50.14,47.58,49.86,33.1,47.08,50.7,48.6,55.5481,39.05,43.785,42.6465,42.522,59.658,0
137,49.33,59.92,62.71,43.74,34.29,60.22,41.51,68.81,87.79,55.96,72.5,54.49,48.66,50.74,54.75,47.72,49.75,47.32,45.12,40.12,49.72,49.25,48.01,49.7,42.43,40.33,36.68,50.52,47.65,49.81,33.23,46.92,50.75,48.36,55.278,39.26,43.269,41.8845,42.132,59.81,0
136,49.58,59.85,62.47,44.76,35.02,59.01,41.44,68.44,98.54,56.93,70.82,53.76,47.28,51.28,54.29,47.75,49.95,47.86,45.07,39.66,50.05,49.06,48.15,49.64,42.48,40.28,36.92,50.46,47.5,49.79,32.76,46.81,50.73,47.92,55.5555,39.116,43.1595,42.501,41.097,59.936,0
135,49.51,58.03,62.66,46.03,34.82,59.09,41.99,68.09,94.35,54.76,70.35,52.54,47.54,51.45,54.12,48.33,49.78,47.66,44.55,38.79,50.28,49.13,47.72,49.53,42.62,39.84,36.67,49.67,47.26,49.9,32.63,46.95,50.55,48.18,56.0587,38.004,42.987,42.9735,40.593,61.126,0
134,49.1,57.51,62.64,45.77,34.1,60.74,44.38,70.01,91.31,55.97,71.63,54.28,48.45,51.73,54.64,49.04,50.2,47.99,43.85,38.68,50.25,48.91,48.3,49.65,42.44,39.96,36.78,50,47.37,49.82,32.56,47.01,50.4,48.2,55.4075,37.132,42.7215,42.831,39.4185,60.174,0
133,49.01,57.68,62.48,45.38,32.7,61.93,45.48,71.33,96.38,55.35,70.36,53.54,47.59,52.36,55.64,49.18,51.74,47.85,43.48,38.67,50.1,48.8,48.65,49.08,42.32,40.05,36.82,49.88,47.33,49.82,33.49,47.41,50.37,48.26,55.4593,37.408,43.1955,43.071,39.4035,60.878,0
132,49.17,60.3,62.66,45.88,33.32,59.29,43.78,72.68,96.74,56.26,68.56,55.62,47.19,51.51,55.94,48.84,52.56,48.43,42.75,38.53,50.09,48.86,48.48,48.89,42.51,39.71,37.51,49.26,47.07,49.85,33.66,47.29,50.15,48.47,55.8256,39.106,43.068,43.3965,39.504,61.134,0
131,48.62,60.2,64.41,46.69,32.62,57.3,45.12,72.04,94.86,57.65,69.14,55,47.32,50.65,56.09,49.04,52.85,48.33,42.59,38.69,50.01,48.91,48.76,48.6,42.35,39.67,37.58,49.34,46.73,49.91,33.81,47.23,50.17,48.85,55.0597,38.528,43.368,43.257,40.0755,60.348,0
130,49.69,61.26,64.35,47.85,33.91,59.37,46.94,70.62,94.61,58,69.5,55.57,48.46,51.18,55.43,48.51,52.95,48.55,41.56,38.83,50.34,49.05,48.96,48.67,42.3,39.94,37.13,50.23,46.43,50.06,33.66,47.22,50.1,48.57,55.6147,38.91,43.2615,42.8625,40.0065,61.54,0
129,50.36,59.64,64.4,47.77,34.03,54.81,47.67,70.47,94.01,59.09,69.88,56.58,48.75,51.07,55.31,47.55,52.33,47.94,41.98,39.01,52.14,48.94,49.75,48.95,42.36,40.13,36.62,50.57,46.83,50.27,33.74,47.3,50.18,48.52,57.0355,37.836,43.5645,43.428,40.0815,61.874,0
128,51.23,58,66.53,48.44,33.27,54.95,46.79,71.03,96.68,59.1,68.98,58.47,47.63,50.36,55.53,47.48,51.69,48.19,42.6,39.23,51.46,48.84,49.9,48.56,42.3,39.99,35.94,49.95,46.53,50.39,33.65,47.2,50.03,48.66,58.1085,36.878,44.8395,44.0925,39.5355,62.756,0
127,50.56,59.13,66.91,48.24,34.03,53.01,47.18,71.37,91.93,58.19,68.94,59.37,48.11,49.96,55.82,46.5,53.05,47.99,41.77,38.79,50.76,48.22,50.89,48.76,42.29,40.15,35.65,50.86,46.66,50.52,33.76,46.92,49.79,48.55,57.3944,37.392,44.814,44.433,39.3225,62.102,0
126,49.07,58.14,66.9,45.4,31.8,53.26,47.82,69.55,94.62,58.65,70.33,58.9,47.57,50.82,56.47,46.56,51.37,47.7,41.84,38.67,50.65,48.01,50.65,48.55,42.26,40.23,35.3,49.53,46.45,50.66,34.69,46.89,49.87,48.61,56.092,37.096,44.9685,44.2545,39.1635,62.116,0
125,48.88,60.14,66.36,43.69,28.2,53.4,47.21,66.93,96.74,59.14,70.84,58.09,47.93,49.17,56.32,46.83,52.19,47.61,43.43,38.65,49.92,47.46,49.4,48.76,42.26,39.98,37,49.53,46,50.48,33,46.75,49.74,48.68,56.0365,38.358,45.27,44.4255,39.417,62.516,0
124,48.49,61.43,65.97,45.18,29.76,55.41,46.35,69.24,97,59.18,70.87,59.42,47.55,48.78,56.76,47.25,52.25,48.45,44.52,39.14,49.98,47.5,49.31,49.03,42.48,40.05,37.46,49.3,45.89,49.57,32.88,46.84,49.34,48.32,55.574,38.918,45.6015,44.5875,39.6975,59.696,0
123,48.01,60.77,66.43,45.32,29.21,51.02,46.51,68.67,94.55,57.77,71.8,59.84,46.24,49.95,56.86,46.98,51.63,48.29,44.6,39.03,49.96,47.49,49.38,48.9,42.59,40.08,37.38,49.71,45.89,49.4,33.26,47.09,49.26,48.3,54.6786,38.42,45.786,43.083,39.2655,60.076,0
122,46.21,59.96,67.26,45.5,29.36,51.16,48.86,70.23,99.64,58.97,71.92,60.54,45.66,49.01,56.86,45.61,52.06,48.39,44.03,39.52,50.65,47.64,49.31,48.9,42.89,40.48,37.14,50.25,46.37,49.64,33.14,46.87,49.55,48.33,52.6473,37.784,45.768,42.6615,39.5265,59.666,0
121,47.98,59.52,66.17,47.05,30.21,50.61,48.25,69.16,100.21,59.57,72.19,58.2,47.05,49.27,56.81,45.56,51.9,48.23,44.13,39.09,51.02,47.77,48.98,48.86,42.58,40.56,36.68,50.48,46.01,50.24,33.4,46.68,49.36,48.44,54.8229,37.406,45.489,42.8205,38.811,58.64,0
120,49.37,59.97,66.03,46.56,27.69,52.89,45.94,71.49,100,60.68,73.52,57.26,48.74,50.19,56.77,46.25,52.72,48.44,44.07,39.46,50.92,47.97,49.1,48.99,42.44,40.76,37.15,50.03,45.86,50.35,32.78,46.84,49.25,48.43,56.5138,37.698,45.624,42.876,37.8795,57.8,0
119,48.85,59.92,66.5,47.99,34.96,54.77,45.63,69.89,100.97,61.09,73.93,56.5,48.39,50.4,56.8,45.95,52.5,49.29,44.18,39.8,51.53,47.56,48.76,48.85,42.24,40.82,37.07,50.26,45.78,50.29,32.38,46.91,49.56,48.23,56.1179,38.196,45.447,42.8145,38.0055,59.098,0
118,49.13,60.45,65.84,49.6,33.75,55.42,42.95,69.31,103.57,61.41,75.19,58.75,49.65,50.15,56.07,46.24,50.67,49.39,44.37,40.12,51.13,47.4,49.33,48.45,41.6,40.67,36.72,50.27,45.43,50.48,31.99,46.99,49.75,48.31,55.6776,38.304,45.207,43.341,38.0775,55.634,0
117,50.11,59.61,65.74,51.24,37.66,54.94,42.14,66.73,105.29,61.81,75.14,59.59,49.08,50.42,56.09,47.02,49.99,49.69,44.5,40.34,51.21,47.18,49.48,48.06,41.86,40.89,36.8,50.79,45.16,50.61,31.19,47.45,49.59,48.26,56.2622,37.338,44.964,43.197,38.6475,55.006,0
116,47.64,59.68,65.37,51.4,37.22,56.89,41.98,64.05,101.37,62.81,74.09,61.28,50.33,50.13,56.77,48.21,50.28,49.78,43.92,39.56,51.27,47.37,49.58,48.28,42.1,41.24,36.5,50.3,44.94,50.93,31.22,47.55,49.5,48.37,53.8461,37.388,44.562,43.104,38.9055,55.298,0
115,46.33,61.01,65.34,53.22,34.45,56.65,44.07,62.93,96.04,62.19,73.61,60.73,49.96,50.22,56.83,47.59,49.69,49.77,43.62,39.52,51.41,47.14,49.25,47.96,41.89,41.29,36.47,50.75,45.09,50.74,30.77,47.37,49.57,48.38,52.8804,38.224,44.673,43.521,38.2785,56.514,0
114,47.85,60.27,64.48,53.14,35.99,58.67,45.44,60.14,96.05,62.81,74.16,59.63,49.5,50.88,57.48,47.49,49.7,49.71,43.85,39.73,51.55,47.34,49.12,47.7,41.4,41.43,36.58,50.36,45.36,50.88,31.25,47.11,49.65,48.35,54.4307,37.522,44.1915,44.268,40.44,58.404,0
113,49.88,59.7,64.06,53.53,33.91,56.2,46.09,60.41,101.65,62.56,74.95,58.92,49.44,51.06,57.07,47.11,50.32,49.94,43.88,39.46,51.95,47.32,49.26,47.93,41.41,41.29,36.94,50.53,45.83,51.23,31.13,47.31,49.47,48.42,56.7395,37.246,43.926,44.3175,40.1385,58.654,0
112,48.33,59.63,63.76,56.52,35.81,55.15,44.95,59.89,105.08,62.5,76.7,60.62,50.97,51.28,57.75,46.8,51.47,49.91,43.87,39.22,51.9,47.49,50.15,48.1,41.4,41.72,37.47,50.15,45.46,51.33,31.04,47.37,49.4,48.46,54.9339,37.256,43.758,44.8455,41.3775,58.49,0
111,48.99,58.33,63.53,54.91,36.08,57.43,47.15,59.69,105.18,63.93,77.03,60.01,50.77,51.27,57.88,46.59,51.4,50.15,43.91,39.33,52.48,47.25,50.42,48.12,41.28,41.47,38.46,50.35,44.78,51.4,32.11,47.48,49.35,48.39,55.9255,36.732,43.7175,44.7015,41.061,58.46,0
110,49.01,59.47,63.4,55.95,37.1,58.05,47.04,59.52,98.74,64.15,75.3,57.8,51.25,51.62,57.57,46.06,50.83,49.92,44.55,38.99,52.38,47.32,49.76,47.44,41.36,41.65,38.36,50.32,44.72,51.58,32.61,47.49,49.08,48.38,56.0957,37.732,43.104,44.7855,41.526,59.132,0
109,48.65,56.96,62.29,56.32,38.43,55.69,46.62,61.54,94.6,64.02,73.54,58.09,51.64,51.05,57.83,45.57,51.94,50.16,44.87,39.67,51.8,47.2,50.2,47.5,41.46,42.14,38.67,50.45,44.44,52.15,32.4,47.4,48.95,48.38,55.4963,36.786,43.0665,45.0255,40.6485,59.266,0
108,46.6,56.93,62.93,56,39.22,57.24,46.01,62.02,89.29,65.05,72.66,57.32,50.86,51.41,56.6,44.89,51.42,50.62,44.52,39.65,51.68,47.35,49.76,46.8,41.71,41.94,38.65,50.34,44.76,52.34,32.86,47.7,48.88,48.26,53.4872,36.798,43.3995,44.925,41.235,62.04,0
107,47.43,55.52,60.83,56.48,39.87,55.93,46.54,63.56,88.88,65.92,73.08,57.46,50.58,51.96,56.31,44.7,50.93,50.44,43.98,39.99,51,47.33,49.33,47.65,41.79,42.16,38.55,49.85,44.86,52.39,33.09,47.16,48.99,48.14,54.4307,35.992,42.9135,45.441,40.7925,61.928,0
106,45.14,52.53,60.91,58.04,42.66,57.5,47.44,63.98,91.04,65.57,74.43,56.72,51.36,51.78,56.87,45.59,48.56,49.37,43.34,39.27,51.4,47.01,49.16,47.64,41.58,41.72,38.99,49.9,45.7,52.2,31.07,47.34,48.82,48.15,52.1922,34.178,43.0935,45.3915,41.427,61.75,0
105,45.41,52.33,59.96,58.05,41.44,58.14,46.56,64.72,87.95,64.89,75.05,57.13,51.71,50.19,56.77,46.12,48.02,49.65,43.79,39.18,51.01,46.79,49.15,47.93,41.79,41.32,39.61,49.51,45.23,51.7,30.85,47.31,48.69,48.17,52.2551,34.226,42.8325,45.7035,41.5995,61.752,0
104,44.76,51.65,61.2,56.91,38.14,59.13,49.3,65.4,84.44,63.56,73.75,58.65,51.44,49.67,56.54,46.31,47.95,49.94,44.16,39.08,50.68,46.88,49.4,47.65,41.78,41.52,40.5,48.74,45.66,51.55,31.05,47.3,48.48,47.95,52.4031,34.304,42.867,46.068,41.823,61.994,0
103,46.8,52.78,63.19,57.23,38.5,59.87,48.98,67.16,85.49,65.88,73.94,59,51.84,50.22,56.55,46.84,47.81,50.63,43.88,39.63,50.74,46.93,49.45,47.65,41.84,41.46,40.56,48.54,45.66,51.23,30.9,47.36,48.35,46.98,54.1384,34.72,42.888,46.5105,42.4155,61.698,0
102,44.75,52.74,63.13,55.39,38.97,59.2,48.98,68.05,83.26,64.95,74.54,59.2,52.9,50.17,57.36,46.73,48.02,50.52,43.87,39.77,50.11,47.5,49.38,48.12,41.96,41.48,40.38,48.3,46.38,50.57,31.07,47.34,48.15,47.19,51.0933,34.798,42.678,46.341,42.633,62.36,0
101,45.68,52.2,64.59,55.49,39.39,59.59,47.5,68.38,84.73,67.02,73.24,59.11,52.75,50.11,57.02,47.02,48.18,50.38,44.22,39.89,50.28,47.49,49.15,48.5,41.98,41.35,40.3,48.12,46.05,50.49,31.41,47.12,48,47.14,52.0368,34.374,42.882,45.996,43.164,61.554,0
100,45.95,53.04,64.42,54.7,40.13,57.4,46.99,67.23,82.19,66.83,74.4,59.94,53.8,50.24,56.47,46.63,47.43,50.54,44.27,39.81,50.33,47.43,49.43,48.2,42.04,41.42,40.04,47.93,45.96,51.32,31.73,47.19,47.77,47.04,51.7038,34.506,42.813,46.0395,44.205,61.96,0
99,45.24,51.41,63.12,54.55,39.78,57.44,48.36,63.35,86.77,68.21,74.91,60.57,53.82,50.68,56.84,46.35,47.79,50.97,44.09,39.85,50.42,47.56,49.78,48.1,42.05,41.68,40.21,48.31,46.16,51.44,31.15,47.31,47.7,47.19,50.9786,33.386,43.131,45.705,43.8645,62.368,0
98,44.65,50.91,62.07,53.08,38.06,55.7,48.95,66.94,84.08,66.53,75.81,61.57,54.15,50.54,56.58,46.77,48.26,50.53,44.21,40.3,51.04,47.7,50.25,47.55,42,41.27,40.69,48.03,46.15,51.36,31.55,47.33,47.64,47.69,51.2117,33.324,43.0635,45.525,42.2835,61.984,0
97,44.94,50.89,62.09,55.03,38.91,54.89,51.34,69.45,85.1,66.86,75.46,61.89,52.83,52.31,57.17,47.71,48.66,50.45,44.21,40.14,51.34,47.78,50.47,47.94,41.83,41.32,41.54,48.28,46.31,51.37,33.29,47.26,47.6,47.39,51.9998,33.282,43.7355,45.1515,42.366,62.56,0
96,44.75,50.15,61.67,57.89,37.13,53.79,52.55,71.58,81.41,65.48,74.76,60.86,54.41,51.84,56.5,47.62,49.96,50.3,43.7,40.28,51.23,47.72,50.1,47.83,41.87,41.47,43.11,48.21,46.08,52.16,35.02,47.27,48.13,47.23,50.7159,33.168,43.3185,45.243,42.66,62.156,0
95,44.19,50.36,60.97,56.94,41.4,51.93,52.47,71.42,79.17,62.06,76.98,61.38,53.95,52.22,56.67,47.74,48.91,50.44,43.75,40.75,51.13,47.71,50.06,47.8,41.58,41.37,44.49,48.03,45.61,51.97,34.97,47.31,49.07,47.07,50.209,33.568,43.6005,45.1005,43.0275,62.268,0
94,43.13,49.19,60.27,56.56,42.2,46.63,52.01,71.97,78.58,62.42,76.31,62.31,54.84,51.7,56.86,47.94,49.12,50.56,43.68,40.81,51.42,47.65,50.14,47.53,41.35,41.36,48.05,47.91,45.26,51.29,35.32,47.37,48.78,46.78,48.9436,33.434,43.359,45.6465,43.3425,61.652,0
93,42.92,48.45,58.17,55.3,43.67,46.88,50.7,71.94,80.02,62.15,76.35,63.94,54.52,52.39,57.86,47.54,50.35,50.88,43.76,40.46,51.55,47.79,49.35,47.27,41.18,41.58,48.31,48.12,45.03,51.14,34.83,47.58,49.12,47.12,49.062,33.092,43.299,46.449,43.1865,62.104,0
92,41.92,48.14,57.88,54.37,43.35,41.31,51.48,70.93,75.2,61.59,74,63.07,54.8,52.18,57.9,47.64,51.34,51.27,43.8,40.09,51.57,47.78,49.39,47.63,41.42,41.62,45.96,48.21,45.26,50.99,34.91,47.61,49.31,47.31,47.915,32.604,42.9915,46.071,42.6255,61.924,0
91,41.14,47.39,58.29,53.4,43.36,39.3,50.25,70.6,74.45,61.47,74.35,64.9,55.5,52.01,58.15,48.05,51.02,51.3,43.05,39.54,52.22,47.89,49.28,47.53,41.22,41.69,45.67,48.59,45.87,50.73,35.35,47.73,49.38,47.38,47.0048,31.912,43.068,45.783,42.882,61.948,0
90,41.6,47.98,57.38,55.97,42.87,42.89,48.02,69.45,73.01,61.62,73.53,65.8,56.58,51.92,59.06,47.82,51.94,51.52,42.76,39.69,52.37,47.86,48.95,47.88,41.03,41.58,46.23,48.48,45.68,50.99,35.28,48.06,49.35,47.35,47.212,32.088,42.7035,45.1245,42.6345,61.832,0
89,40.06,48.79,56.92,56.11,42.73,45.72,45.74,70.16,76,62.38,73.05,66.86,56.05,50.78,59.33,48.01,51.67,51.48,42.71,39.99,52.12,47.48,48.22,48.16,40.91,41.27,46.77,48.58,45.71,50.99,35.42,48.03,49.08,47.08,46.5423,31.966,43.1415,44.463,43.8915,60.378,0
88,39.51,48.52,57.34,56.83,43.43,45.38,45.39,70.52,75.01,63.33,71.89,66.27,56.75,51.09,59.84,47.56,51.8,51.67,43.21,40.19,51.9,47.47,47.99,48.05,41.08,41.44,46.42,48.68,45.76,50.77,35.82,47.99,49.15,47.15,46.583,31.964,43.4355,44.361,44.1135,57.878,0
87,40.83,47.12,57.65,56.85,44.33,47.88,45.24,67.51,73.77,61,70.06,66.08,57.27,51.05,60.11,47.4,51.94,51.36,43.35,40.08,52.66,47.55,48.23,47.83,41.34,41.3,46.46,48.97,45.52,50.57,35.61,48.09,49.25,47.25,47.6375,31.68,43.1535,44.9025,44.97,58.834,0
86,41.93,45.17,58.08,57.33,45.6,46.65,45.77,66.75,72.87,61.98,71.14,63.25,58.7,50.89,59.24,46.68,51.99,51.74,43.2,40.07,53.26,47.66,47.72,47.92,41.28,42.47,47.36,48.68,45.61,49.83,34.87,47.88,49.19,47.19,49.0583,30.61,43.188,45.3135,45.2385,56.034,0
85,41.8,45.74,57.37,57.46,46.01,47.58,45.42,69.19,74.53,61.12,72.45,63.27,57.86,50.7,58.84,47.18,52.47,51.52,42.92,39.91,52.86,47.87,48.15,47.56,41.45,42.27,48.63,48.8,45.49,49.9,35.26,47.97,48.99,46.99,48.729,30.95,42.675,45.7065,45.675,55.296,0
84,43.02,45.15,57.59,57.1,45.97,42.38,44.43,72.42,74.98,59.47,72.63,65.35,56.05,50.95,58.63,47.91,51.22,51.77,43.16,40.12,51.72,48.25,47.7,47.6,41.47,41.55,48.56,49.08,45.47,49.63,35.46,47.95,49.03,47.03,49.7132,30.77,43.5285,45.717,45.3075,57.306,0
83,42.77,44.66,55.58,54.97,46.68,42.26,43.46,72.54,81.18,59.26,71.76,65.45,55.21,51.88,59.28,46.37,52.02,51.65,43.54,40.06,52.3,48.54,47.5,48.26,41.37,41.72,48.41,49.08,45.57,49.42,35.49,48.1,49.44,47.44,49.2359,30.998,42.2925,46.092,45.2745,57.984,0
82,41.71,43.87,57.35,53.85,47.26,44.12,43.1,73.89,74.59,59.83,72.36,65.71,53.47,51.84,58.83,46.63,51.63,51.84,43.37,39.66,51.96,48,47,48.53,41.44,41.81,51.22,48.8,45.73,48.9,35.51,48.08,49.68,47.68,48.7808,30.872,42.72,46.2465,45.519,58.074,0
81,43.49,44.96,56.41,55.03,46.27,45.44,41.63,74.37,75.11,61.09,72.51,67.32,53.1,51.56,58.34,46.9,52.03,51.47,43.64,39.7,51.62,47.86,47.14,48.35,41.08,41.97,51.93,48.61,45.76,48.6,35.83,48.1,49.88,47.88,51.2413,31.842,42.09,46.065,46.278,58.882,0
80,44.49,43.08,54.48,56.42,46.15,45.16,42.52,72.05,76.27,61.97,70.61,67.49,53.18,51.95,58.92,46.67,52.87,50.58,43.77,39.26,51.56,47.86,47.49,48.31,41.54,41.98,50.91,48.51,45.76,48.64,35.79,47.94,49.77,47.77,52.1182,31.258,42.2565,46.176,46.8435,58.652,0
79,45.74,43.3,56.07,55.92,45.47,45.3,43.36,71.43,78.15,61.73,69.71,66.13,52.28,51.21,58.98,47.17,52.74,50.95,43.58,39.28,51.71,47.82,47.53,48.36,41.15,41.74,46.91,48.64,45.68,49.46,35.81,48.08,49.91,47.91,53.6463,31.738,42.387,46.152,46.389,59.232,0
78,46.58,42.23,53.96,59.01,46.33,45.37,45.17,72.49,75.59,63.51,70.03,67.2,52.12,51.5,57.79,47.05,53.32,51.27,43.23,39.73,52.15,47.82,47.15,48.8,41.21,41.97,47.88,48.64,45.31,49.64,35.9,48.28,49.86,47.86,54.0681,31.374,42.5625,46.0485,46.3965,57.496,0
77,46.79,42.5,53.65,60.1,45.49,47.27,44.7,72.74,75.46,63.36,70.26,69.81,54,51.57,58.27,46.55,53.12,52.01,43.5,39.58,52.25,47.79,47.61,48.73,41.13,42.26,45.92,48.83,45.34,49.39,36.46,48.27,49.87,47.87,55.1004,31.158,42.4185,46.425,46.8645,58.09,0
76,48.22,41.87,53.35,58.8,44.62,48.9,41.92,69.96,69.71,64.04,69.19,68.94,54.06,49.41,58.98,47.2,53.38,52.11,43.34,39.61,53.4,47.84,47.36,48.05,41.31,42.24,46.77,48.83,45.22,49.73,36.13,47.97,49.75,47.75,56.462,31.096,42.5535,46.185,46.9305,58.214,0
75,48.52,42.62,53.86,57.65,46.47,48.81,43.91,68.05,69.35,65.08,68.6,69.47,53.99,49.49,59.61,46.93,53.83,51.99,43.73,39.65,53.24,48.04,47.53,47.86,41.48,41.81,47.32,48.85,45.27,49.63,36.21,47.75,49.28,47.28,56.2252,31.172,42.663,47.4135,46.995,58.85,0
74,47.05,40.8,53.88,56.75,45.3,48.93,45.02,68.05,67.89,65.73,67.5,67.57,53.31,48.98,59.73,46.95,54.9,51.49,43.67,39.61,53.44,48.58,47.44,47.92,41.64,41.69,49.12,49.05,45.18,49.64,36.37,47.64,49.23,47.23,54.9968,30.36,42.9075,48.1245,46.6515,59.214,0
73,48.1,41.14,54.55,58.54,45.36,46.45,44.6,67.96,66.23,66.3,67.32,65.96,52.77,48.88,59.73,47.58,55.39,52,44.67,39.4,53.85,48.36,47.32,48,41.69,41.57,49.77,49.28,45.08,49.5,35.62,47.89,49.04,47.04,55.5666,29.912,42.735,47.7735,46.677,59.71,0
72,46.77,40.45,55.96,57.23,45.53,46.02,44.09,68.02,66.34,66.7,66.25,64.37,54.61,48.85,59.77,48.03,53.63,52.61,44.59,39.63,53.73,48.27,47.59,47.1,41.67,41.33,51.43,49.41,44.79,49.32,35.27,47.88,48.88,46.88,55.3631,29.248,42.8535,47.094,46.8045,60.202,0
71,47.33,38.24,55.83,58.37,46.42,49.34,44.67,71.1,63.26,67.49,65.61,64.49,52.81,49.18,58.85,47.63,55.14,52.66,44.29,39.45,54.12,48.44,47.79,47.03,41.77,41.41,50.04,49.75,44.24,48.94,34.88,48.04,49.28,47.28,55.8478,27.858,42.7935,47.0955,46.7355,60.204,0
70,47.64,39.31,52.88,60.53,46.54,49.05,44.25,71.31,62.58,68.23,63.76,64.08,53.87,49.35,59.81,49.53,54.28,53.2,44.12,39.42,54.75,48.47,47.63,46.97,41.96,41.64,51.3,49.76,44.16,49.38,34.99,48.01,49.22,47.22,55.3964,27.904,41.9505,47.2245,46.8675,61.384,0
69,46.98,38.6,55.54,59.52,47.17,47.24,46.45,71.94,60.87,69.91,63.97,63.34,54.39,48.82,59.67,48.81,53.82,53.55,44.67,39.42,55,48.64,47.44,46.66,41.99,41.53,50.76,49.7,44.48,49.67,35.06,47.92,49.36,47.36,54.9894,27.618,42.987,47.0565,47.544,61.564,0
68,46.35,42.56,54.45,57.39,47.01,48.19,47.19,69.29,61.18,70.09,63.22,63.11,53.58,48.27,59.08,47.7,54.07,54.21,44.34,39.37,54.51,48.54,47.4,46.95,41.93,41.68,50.97,49.86,44.18,49.4,34.34,48.08,49.53,47.53,54.4307,29.92,42.5445,47.0955,47.982,61.036,0
67,44.7,45.22,53.29,57.56,48.31,50.21,46.8,68.86,55.71,69.1,63.33,65.09,53.88,48.14,59.48,46.72,55.92,53.86,44.42,39.32,53.19,48.85,47,46.92,42.01,41.82,51.07,49.72,44.49,49.61,33.97,48.1,49.33,47.33,52.1774,31.528,42.288,47.4555,47.202,59.948,0
66,43.16,49.2,52.66,58.6,49,48.91,46.02,70.93,51.15,70.57,63.8,64.75,55.59,47.56,59.5,46.59,56.88,54.13,44.57,39.27,53.31,48.92,46.7,46.86,42.31,41.62,51.76,49.96,44.56,49.7,34,48.2,49.35,47.35,51.1303,33.472,42.141,46.7745,46.764,58.836,0
65,44.44,45.41,52.75,58.21,46.62,49.4,44.57,72.51,57.16,71.51,61.66,63,56.35,47.03,59.61,45.97,56.51,54.51,44.53,39.61,53.89,48.93,46.72,46.83,42.18,41.84,53.63,49.88,45.4,49.73,34.56,48.72,49.28,47.28,52.1552,31.558,41.8725,46.002,47.1375,60.204,0
64,44.11,46.25,51.67,56.59,45.29,47.96,43.66,72.47,57.88,71.93,60.46,67.39,57.1,47.17,60.71,42.01,57.2,54.72,44.86,39.42,53.54,48.95,46.83,46.96,42.39,41.76,53.41,49.56,44.9,49.56,34.48,48.05,49.2,47.2,51.8333,32.184,41.2995,46.077,47.2335,61.512,0
63,45.07,46.75,52.83,55.42,41.98,45.7,44.86,72.04,64.55,73.32,61.59,66.23,58.35,47.03,60.77,41.81,54,54.29,45.49,39.38,53.63,48.69,47.2,47.66,42.3,41.97,53.18,49.64,44.57,49.55,33.97,48.23,49.24,47.24,52.7583,32.376,41.3415,46.746,47.502,60.886,0
62,44.83,46.05,52.27,58.07,41.87,46.89,43.52,69.71,80.92,71.62,60.55,66.8,58.46,46.96,60.64,42.38,52.68,54.46,45.49,39.35,53.37,47.56,47.31,47.9,41.98,42.07,54.71,49.64,44.73,49.73,34.45,48.42,49.62,47.62,52.1145,31.92,41.1075,46.7055,47.7855,59.716,0
61,45.5,45.72,52.92,56.39,42.89,45.92,44.71,71.55,66.61,70.95,61.45,66.5,58.88,47.13,60.41,42.74,51.57,54.12,45.67,39.6,54.07,47.25,47.2,47.5,41.92,42.19,55.43,49.28,45.04,49.25,34.57,48.9,49.58,47.58,52.7805,31.77,41.094,45.9555,48.228,58.95,0
60,47.62,44.7,54.88,54.68,41.93,40.51,45.18,68.97,65.73,69.53,61.01,64.19,59.64,48.24,60.54,43.43,51.5,54.87,45.81,39.79,54.46,47.47,47.67,47.6,41.88,42.21,58.25,49.46,45.02,49.68,34.27,48.93,49.47,47.47,54.8414,31.332,41.3445,44.9745,48.1695,58.722,0
59,45.88,45.94,54.42,53.59,41.37,39.85,46.49,65.89,68.02,70.3,62.96,65.82,59.9,48.29,60.45,43.28,51.46,54.76,45.98,39.94,54.16,47.33,47.75,47.42,42,42.21,57.53,49.53,44.65,49.65,34.43,49.08,49.48,47.48,52.9248,31.876,41.1765,45.6075,48.5925,58.9,0
58,46.29,44.15,53.07,53.13,39.98,40.24,46.52,66.02,66.89,72.88,62.76,65.07,59.51,48.16,60.83,42.79,50.34,54.61,45.75,40.39,54.6,47.57,47.66,47.76,41.79,42.32,58.67,49.59,44.18,49.46,34.89,49.03,49.55,47.55,53.3355,30.772,40.6845,45.06,47.451,60.492,0
57,44.9,45.92,52.41,52.66,41.85,44.45,46.18,66.84,56.37,71.66,62.91,66.35,59.64,48.4,60.49,42.08,50.84,54.33,45.64,40.87,54.38,47.76,47.5,47.96,41.68,42.23,59.54,49.86,44.2,49.45,34.77,49.26,49.54,47.54,52.6473,31.494,40.749,45.063,46.9065,60.178,0
56,43.58,44.63,51.52,53.03,42.19,41.21,47.86,66.71,60.64,70.24,61.03,66.79,60.12,49.2,59.76,42.63,52.18,54.69,45.98,41.26,54.14,47.54,47.65,48.7,41.76,42.22,59.51,50.13,44.14,49.54,35.16,49.31,49.58,47.58,51.1229,31,40.3065,44.343,45.66,58.894,0
55,43.91,44,51.56,52.87,42.48,42.14,49.97,70.61,58.53,70.05,58.68,66.24,59.91,49.39,59.62,42.39,52.07,54.51,46.14,41.18,54.05,47.64,47.95,48.72,41.67,42.33,57.09,50.01,44.11,49.59,35.36,49,49.66,47.66,52.3994,30.07,40.248,44.415,46.4625,59.232,0
54,43.03,44.59,52.8,52.33,41.89,39.2,51.58,70.82,53.97,69.94,59.41,65.47,61.09,49.84,59.64,42.45,51.43,54.54,45.43,41.05,54.81,47.56,48.39,48.76,41.71,42.67,53.95,50.13,43.92,49.62,34.87,49.16,49.69,47.69,51.9887,30,40.3335,44.5965,46.8105,58.684,0
53,43.3,47.15,52.53,52.04,38.14,37.61,51.47,69.95,53.88,71.44,60.03,63.9,62.02,50.4,59.48,42.48,50.53,53.76,45.64,41.77,54.73,47.3,48.17,48.35,41.83,42.61,57.32,50.15,43.37,49.86,34.82,49.27,49.62,47.62,51.5928,30.828,40.437,45.0555,46.4805,56.97,0
52,43.44,46.9,53.54,54.1,41.71,35.67,52.82,70.41,47.81,71.22,59.76,62.79,62.67,50.47,59.35,42.53,50.86,53.45,45.39,42.76,55.24,46.87,48.07,48.39,41.92,42.98,56.93,49.96,43.06,49.82,35.4,48.98,49.54,47.54,51.985,30.594,40.5075,44.8515,46.629,55.916,0
51,45.34,44.68,54.57,53.31,39.88,39.68,53.23,70.88,50.06,69.02,59.96,61.36,63.31,50.41,58.97,43.34,51.86,53.27,45.5,41.93,55.54,47.03,48.01,48.38,41.77,42.99,57.99,49.87,43.07,49.44,35.41,48.66,49.47,47.47,52.873,29.814,40.5615,44.565,46.602,55.83,0
50,46.32,46.68,51.16,53.84,39.33,42.59,51.67,69.57,48.95,70.26,58.52,61.84,63.64,49.81,59.37,42.5,53.18,52.45,45.06,41.96,55.07,47.31,48.26,48.45,41.81,43.16,58.95,50.02,42.6,49.66,35.1,48.73,49.4,47.4,53.8054,30.28,39.708,44.3295,47.3595,57.532,0
49,44.48,45.83,50.73,53.03,42.39,42.98,52.66,71.69,46.59,71.3,57.59,61.8,62.51,51.01,60.03,42.29,53.25,50.9,44.42,42.18,54.26,47.42,48.26,48.56,41.89,42.98,60.4,50.17,42.66,49.59,34.93,49.06,49.37,47.37,52.0701,30.64,39.834,44.8905,47.541,56.368,0
48,45.93,44.48,51.01,53.49,41.25,45.41,52.21,71.77,37.7,73.08,57.86,63.53,63.64,51.97,59.72,42,56.06,51.27,44.58,42.12,54.66,47.29,47.9,48.75,41.99,43.09,58.69,50.25,42.94,49.7,34.37,49.35,49.45,47.45,53.613,30.112,39.57,45.0495,47.037,56.362,0
47,44.67,44.91,49.74,51.61,42.07,45.81,51.67,73.27,41.19,73.69,58.57,64.12,64.76,51.95,59.47,41.81,54.99,52.3,44.44,42.1,55.62,47.12,47.7,48.65,42.37,43.46,60.42,50.47,43.6,49.65,34.6,49.36,49.33,47.33,52.1663,30.474,39.2445,44.985,46.8825,55.896,0
46,47.05,45.7,50.34,53.01,41.86,45.57,53.01,74.15,38.63,76.13,59.94,63.08,64.93,51.82,59.62,41.31,52.92,53.06,44.23,41.32,55.42,47.41,47.16,48.62,42.3,43.86,59.69,50.89,43.55,49.7,34.85,49.55,49.28,47.28,55.167,30.45,39.3195,45.1395,45.996,55.058,0
45,47.83,44.43,48.85,52.02,41.85,44.23,52.69,75.18,34.54,77.61,58.93,62.63,63.67,51.77,59.6,41.83,52.99,52.45,44.05,40.7,55.17,47.59,47.13,48.5,42.09,43.67,57.95,50.59,44.11,49.77,34.53,49.52,49.06,47.06,55.8774,29.544,39.1095,45.4875,47.826,54.468,0
44,48.24,45.23,47.31,52.41,42.09,46.8,51.25,77.58,29.85,77.4,57.65,64.36,63.29,51.54,58.37,41.76,53.48,52.82,44.05,40.57,55.42,47.68,46.91,48.2,42.08,43.93,58.89,50.75,44.21,49.75,34.8,49.97,48.79,46.79,56.5323,29.952,38.6385,45.261,47.3385,55.532,0
43,48.81,45.09,45.77,51.21,42.12,46.38,53.08,78.53,31.85,79.47,58.5,63.2,64.92,50.68,57.92,41.85,52.91,52.53,44.15,40.97,55.79,47.61,47.06,48.05,42.33,44.14,56.72,50.56,44.92,50.22,35.13,50.28,48.67,46.67,57.4684,30.252,38.049,46.05,47.1645,57.222,0
42,48.69,44.74,45.82,52.29,42.1,48.34,49.49,79.61,34.25,78.6,56.82,62.41,64.47,50.35,58.18,42.33,53.75,52.22,43.35,40.59,55.92,47.32,47.23,48.04,42.28,44.04,56.8,50.42,45.21,49.8,35.19,49.33,47.85,45.85,57.5128,30.396,38.403,45.5235,48.048,57.176,0
41,49.83,45.54,45.74,50.67,40.05,46.11,51.77,79.09,30.89,77.56,58.81,61.03,65.17,50.18,58.2,42.01,53.76,52.2,43.43,40.7,55.75,47.37,47.39,48.42,42.14,43.48,53.79,49.98,44.61,49.87,35.19,49.59,47.54,45.54,58.5451,30.398,38.352,45.4755,48.1965,58.078,0
40,50.44,46.26,41.84,50.81,38.73,45.3,50.56,81.37,26.75,75.27,59.35,60.63,64.54,49.92,57.05,42.03,53.37,52.61,44.08,40.67,54.86,47.21,47.6,48.37,41.86,43.26,48.38,49.98,45.4,50.05,35.08,49.65,47.7,45.7,59.0446,30.966,37.083,45.255,48.8565,58.082,0
39,49.81,48.53,41.78,49.22,36.67,47.4,51.69,81.19,27.84,77.1,61.4,60.32,65.17,50.3,57.29,42.15,52.96,53.45,43.97,41.42,54.51,47.32,47.3,48.07,41.61,43.49,49.37,49.72,44.6,50.2,35.02,50.17,48.45,46.45,58.4341,32.23,36.879,45.5895,48.3585,58.694,0
38,51.35,47.81,42.7,47.8,35.73,51.27,52.52,80.5,24.15,80.46,60.36,62.44,62.46,50.16,56.86,41.87,53.71,53.35,44.05,41.09,54.86,47.32,47.47,47.53,41.35,43.12,51.08,49.62,44.6,50.16,34.41,50.22,48.36,46.36,59.5774,31.592,37.0545,44.85,48.1365,59.428,0
37,50.79,49.43,42.75,46.86,36.05,53.17,52.55,78.68,23.22,81.86,60.75,60.66,60.92,49.92,56.81,41.18,52.74,53.19,44.23,40.97,54.85,47.58,47.6,47.51,41.19,43.21,54.25,49.38,43.17,49.99,34.13,50.12,48.51,46.51,58.7301,32.036,37.464,45.531,47.9775,61.116,0
36,50.18,49.63,42.71,47.11,36.28,50.2,51.94,79.55,22.73,83.53,58.36,61.09,61.76,49.56,57.22,40.39,52.81,52.92,44.13,41.07,54.34,47.54,47.99,47.65,41.27,43.11,53.01,49.77,43.26,50.12,33.73,50.38,48.65,46.65,57.9716,31.818,37.284,45.159,47.841,60.272,0
35,50.44,47.1,42.81,47.85,35.54,53.96,52.18,77.46,27.5,80.38,58.73,61.22,60.13,48.91,57.13,40.18,52.7,51.68,44.29,40.46,54.28,47.62,48.16,47.33,41.02,43.11,54.68,49.72,43.41,50.08,35.04,50.39,48.58,46.58,58.4452,30.048,37.698,44.9595,47.799,60.554,0
34,50.35,46.66,40.52,48.68,35.68,53.32,51.43,79.87,25.96,84.53,58.71,59.76,59.62,48.47,56.95,40.02,53.25,51.75,44.24,40.71,53.35,47.64,48.23,46.9,41.12,43.37,54.54,49.94,43.68,49.97,35.27,50.19,48.41,46.41,57.9901,29.416,37.101,43.8495,47.0175,59.624,0
33,49.94,46.64,42.09,48.2,36.24,53.19,52.95,77,27.81,83.49,57.88,59.85,60.88,49.11,56.14,39.92,52.54,52.51,44.42,41.22,53.03,47.74,48.18,47.46,40.71,43.82,55.23,50.07,43.85,49.96,34.71,49.96,48.22,46.22,57.5757,29.666,37.485,43.5045,46.1505,60.602,0
32,50.29,46.38,41.01,46.77,37.09,52.19,53.9,78.13,23.91,85.93,59.14,59.75,58.82,48.9,55.77,40.09,52.71,52.39,44.36,41.08,52.79,47.98,48.66,47.1,40.62,43.8,55.17,50.01,43.58,49.62,34.96,50.34,48.46,46.46,58.0382,29.726,37.2285,43.6455,45.651,60.35,0
31,51.6,47.26,41,46.38,34.86,52.51,54.69,79.6,30.53,83.98,60.02,61.78,59.61,48.75,55.38,41.17,52.86,52.56,44.2,40.96,52.64,47.94,48.9,47.45,40.77,43.78,54,50.21,43.44,49.49,34.96,50.39,48.74,46.74,58.7523,29.932,37.1295,44.466,45.591,61.092,0
30,50.43,45.89,41.42,44.61,35.65,54.07,56.49,80.4,25.3,86.7,58.93,60.58,59.09,50.3,55.78,42.22,53.4,53.14,44.14,40.7,52.69,47.71,48.93,47.38,40.7,43.4,51.96,50.1,43.75,49.07,35.08,50.45,48.65,46.65,57.7052,28.982,37.3965,44.4615,45.9315,61.004,0
29,50.85,45.55,42.2,44.62,38.71,54.26,56.85,79.62,20.77,86.37,59.83,59.47,57.37,50.26,55.94,41.2,53.24,53,43.97,40.31,52.74,47.65,48.79,47.05,40.33,43.2,52.63,50.02,43.9,48.98,35.15,50.69,48.55,46.55,58.238,28.974,38.025,44.679,46.467,60.316,0
28,50.52,45.2,41.12,43.37,34.44,55.52,57.06,77.43,21.04,85.46,61.16,59.71,58.86,50.85,55.9,41.67,53.92,53.27,43.87,40.39,53.59,47.82,48.37,46.7,40.64,43.01,55.31,49.87,44.04,48.8,35.34,50.82,48.7,46.7,58.4526,29,37.692,44.517,46.728,61.968,0
27,49.96,45.38,40.54,44.8,35.09,56.8,56.72,79.43,22.41,86.32,59.59,58.93,57.42,50.88,55.19,39.74,54.02,54.03,43.38,40.77,53.37,47.84,48.56,46.66,40.3,42.58,55.53,49.92,44.06,48.63,35.41,51.04,48.73,46.73,57.8347,29.3,37.7175,43.233,46.299,61.184,0
26,49.18,44.6,38.78,44.2,36.07,55.74,57.81,79.05,19.33,84.62,58.58,57.8,57.32,51.15,55.29,37.45,54.47,54.47,43.52,40.4,53.35,47.83,48.16,46.53,40.62,42.5,53.89,49.84,43.8,48.94,35.35,51.35,48.68,46.68,57.3907,29.088,37.3485,43.1115,46.023,60.858,0
25,49.72,43.98,37.19,44.6,35.57,57.78,57.81,79.28,16.16,81.17,58.28,57.53,56.87,51.33,55.51,38.03,54.87,54.33,43.55,40.51,54.12,47.8,48.16,46.9,40.47,42.35,51.87,49.59,43.86,48.9,35.51,50.97,48.53,46.53,58.0937,28.518,36.6405,42.9615,45.498,60.758,0
24,48.7,43.2,38.68,45.14,35.38,58.99,54.88,76.94,18.24,84.09,58.76,57.69,56.11,51.9,56.71,37.72,55.58,54.91,43.84,40.49,54.41,47.82,48.01,46.7,40.47,42.52,53.12,49.5,43.98,48.91,35.64,50.93,48.42,46.42,57.0614,28.488,36.5805,43.044,44.211,60.014,0
23,46.86,45.94,37.91,43.04,36.32,58.14,54.86,76.35,17.04,83.43,56.26,56.98,56.84,52.37,56.42,39.15,55.12,55.13,43.57,40.7,54.17,47.93,47.44,46.76,40.21,42.79,51.16,49.67,43.95,48.93,35.62,51.31,48.46,46.46,55.3335,29.678,36.8805,42.588,44.7435,60.762,0
22,46.67,46.06,38.65,43.88,35.45,59.37,52.34,78.9,14.95,85.1,55.81,57.88,56.22,51.73,56.98,38.96,55.45,55.7,42.82,41,53.88,48.19,47.58,46.73,40.08,42.4,51.12,49.86,44.27,48.65,35.59,51.72,48.44,46.44,56.1253,29.496,37.4925,43.0785,45.7935,61.414,0
21,45.34,46.59,37.4,43.76,36.67,62.59,50.44,79.14,14.39,84.64,58.8,56.34,58.44,53.28,56.35,38.69,55.22,56.6,42.45,40.26,54.49,48.57,47.36,47.04,40.37,42,49.78,49.91,43.9,48.4,35.48,50.82,48.23,46.23,54.2605,29.988,37.0395,43.3695,44.4315,62.396,0
20,44.66,46.14,37.94,43.84,39.28,58.82,51.85,79.58,13.62,88.03,60.17,56.14,58.64,52.92,56.76,39.48,55.16,55.8,42.14,40.04,53.76,48.06,47.55,46.63,40.26,42.22,51.5,50.07,43.67,48.64,35.08,50.91,48.08,46.08,53.9534,30.138,37.0305,42.798,44.331,62.322,0
19,44.07,47.9,37.18,43.03,36.75,57.41,51.51,77.46,9.62,87.29,59.24,57.7,58.94,52.86,56.11,39.22,55.4,56.56,42.15,39.8,53.84,47.97,47.75,46.9,40.19,41.78,51.5,49.96,43.29,48.57,35.38,51.01,47.83,45.83,52.9211,31.32,36.7035,43.4655,45.0825,61.972,0
18,44.89,46.32,34.21,43.34,37.38,56.92,51.74,76.72,9.93,88.18,60.32,58.84,59.44,51.61,56.4,38.62,55.38,57.07,42.14,39.16,53.75,47.96,47.56,47.1,40.54,41.21,49.63,49.82,43.6,48.93,34.99,50.74,47.85,45.85,53.3022,30.07,35.4315,43.959,44.988,63.022,0
17,44.98,45.2,35.82,43.33,38.28,58.01,51.25,77.56,14.5,87.7,60.99,58.71,59.76,49.74,56.89,39.44,54.22,56.44,42.45,39.76,53.49,48.38,47.82,46.62,40.4,41.42,51.9,49.82,42.98,48.78,34.95,49.75,47.74,45.74,53.3207,29.744,36.2415,44.0835,44.412,63.432,0
16,45.27,44.29,35.64,45.44,37.74,56.17,53.86,76.02,10.77,84.42,62.46,57.36,59.13,,,,54.63,56.87,42.12,39.83,53.62,48.33,48.08,45.53,40.2,41.02,52.95,49.63,43.86,48.71,35,35,47.16,45.16,53.3207,29.792,36.0585,43.833,44.823,63.244,0
15,44.66,43.87,34.61,44.84,37.18,56.77,53.76,77.96,14.44,80.62,63.13,56.5,,,,,53.82,55.96,41.86,39.73,53.75,48.26,48.1,45.3,40.22,41.35,52.86,49.25,43.97,48.62,38.62,38.62,47.31,45.31,53.1542,29.548,35.7195,43.587,44.6025,63.426,0
14,43.41,44.21,34.58,44.09,36.49,58.21,55.73,46.96,14.43,81.01,,57.32,,,,,,54.59,41.22,39.15,49.72,48.18,48.01,48.01,40.27,41.48,53.28,49.4,45.03,48.51,38.51,38.51,47.32,45.32,51.8444,29.73,35.385,44.3175,44.802,62.692,0
13,43.32,42.93,35.58,43.68,38.07,59.79,54.11,49.28,-40,78.71,,,,,,,,,,,,,,,39.89,39.89,52.91,49.89,44.92,44.92,34.92,34.92,47.48,45.48,51.2635,28.954,35.7,45.1005,46.1265,61.664,0
12,45.81,41.75,36.51,42.3,38.91,60.36,-30,,,,,,,,,,,,,,,,,,,,48.85,58.85,45.32,45.32,35.32,35.32,47.31,45.31,53.4243,28.132,36.0675,45.6195,45.588,60.65,0
11,45.57,40.74,35.78,42.28,-50,,,,,,,,,,,,,,,,,,,,,,,,30,30,20,20,20,18,53.095,27.626,35.9325,45.4815,46.083,59.886,0
10,45.42,41.74,34.09,42.72,-50,,,,,,,,,,,,,,,,,,,,,,,,30,30,20,20,20,18,53.539,27.702,35.922,45.666,45.915,60.692,0
9,45.69,40.67,33.69,-50,,,,,,,,,,,,,,,,,,,,,,,,,30,30,20,20,20,18,53.9349,27.362,35.9475,45.7035,46.1565,59.182,0
8,47.49,40.75,28.55,-50,,,,,,,,,,,,,,,,,,,,,,,,,30,30,20,20,20,18,56.4065,27.608,33.309,45.5625,45.6975,59.366,0
7,48.03,40.54,26.15,-50,,,,,,,,,,,,,,,,,,,,,,,,,30,30,20,20,20,18,56.4731,27.436,33.462,45.717,45.141,58.546,0
6,47.96,40.39,,,,,,,,,,,,,,,,,,,,,,,,,,,30,30,20,20,20,18,56.1253,27.426,20.5695,20.5695,45.12,59.398,0
5,47.98,41.75,,,,,,,,,,,,,,,,,,,,,,,,,,,30,30,20,20,20,18,56.4287,27.486,20.6145,20.6145,45.609,60.422,0
4,46.06,42.87,,,,,,,,,,,,,,,,,,,,,,,,,,,30,30,20,20,20,18,54.39,27.994,20.9955,20.9955,45.6195,60.428,0
3,47.08,43.04,,,,,,,,,,,,,,,,,,,,,,,,,,,,,,,,,,,,,,,0
2,45.23,42.59,,,,,,,,,,,,,,,,,,,,,,,,,,,,,,,,,,,,,,,0
1,49.44,41.71,,,,,,,,,,,,,,,,,,,,,,,,,,,,,,,,,,,,,,,0
0,,41.65,,,,,,,,,,,,,,,,,,,,,,,,,,,,,,,,,,,,,,,0
